Name,Website,Phone number,City,Location,Called,Answered,Voicemail,Not interested,Wants demo
Clearbrook Roofing Ltd,http://www.clearbrookroofing.com/,604-854-1012,Abbotsford,"34313 Farmer Road, Abbotsford, BC, V2S 7M4, Canada",☐,☐,☐,☐,☐
Direct Roofing & Waterproofing Ltd,http://www.directroofing.ca/,778-552-0550,Abbotsford,"31889 Marshall Pl, Abbotsford, BC, V2T 5Z8, Canada",☐,☐,☐,☐,☐
Direct Roofing - Residential & Commercial Roofing Contractor,https://directroofing.ca/,778-552-7663,Abbotsford,"31141 Wheel Avenue, Abbotsford, BC, V2T 6H2, Canada",☐,☐,☐,☐,☐
Doerksen Roofing Ltd.,http://www.doerksenroofing.ca,604-852-6402,Abbotsford,"33415 Maclure Road, Abbotsford, British Columbia, V2S 0C4, Canada",☐,☐,☐,☐,☐
Glacier Valley Roofing,http://www.glaciervalleyroofing.com/,604-551-8742,Abbotsford,"BC, Canada",☐,☐,☐,☐,☐
Howie Roofing,http://howiesroofing.com/,604-746-7474,Abbotsford,"7-31309 Wheel Ave, Abbotsford, BC, V2T 6H2, Canada",☐,☐,☐,☐,☐
JDM Roofing,http://www.jdm-roofing.ca/,604-787-4016,Abbotsford,"BC, Canada",☐,☐,☐,☐,☐
Matt Gordon Roofing and Custom Sheet Metal Ltd,http://www.mattgordonroofing.com/,604-309-0574,Abbotsford,"5091 Glenmore Rd, Abbotsford, BC, V4X 1X6, Canada",☐,☐,☐,☐,☐
Super Star Roofing Ltd,http://superstarroofing.ca/,604-866-1212,Abbotsford,"Abbotsford, BC, V2T 6R3, Canada",☐,☐,☐,☐,☐
Able Roofing Co,http://ableroofing.biz/,604-376-6195,Burnaby,"BC, Canada",☐,☐,☐,☐,☐
Alpha Roofing & Sheet Metal Inc,http://alpharoofing.ca/,604-433-6911,Burnaby,"6850 Antrim Ave, Burnaby, BC, V5J 4M4, Canada",☐,☐,☐,☐,☐
Apis Roofing Ltd,http://www.apisroof.com/,604-442-8028,Burnaby,"3959 Bond Street, Burnaby, BC, V5H 1E7, Canada",☐,☐,☐,☐,☐
BestWest Roofing,http://bestwestroofing.com/,604-779-5317,Burnaby,"1-12 Royal Ave E, New Westminister, BC, V3L 0B7, Canada",☐,☐,☐,☐,☐
Bond Roofing,https://bondroofing.ca/,604-375-2100,Burnaby,"6208 Denbigh Ave, Burnaby, BC, V5H 3R5, Canada",☐,☐,☐,☐,☐
Broadway Roofing Co Ltd,http://www.broadwayroof.com/,604-439-9107,Burnaby,"BC, Canada",☐,☐,☐,☐,☐
California Roofing Ltd.,https://californiaroofingltd.com/,604-719-8466,Burnaby,"4284 Hastings St, Burnaby, BC, V5C 2J6, Canada",☐,☐,☐,☐,☐
Canuck Roofing Ltd,https://canuckroofing.ca/,778-772-1969,Burnaby,"4310 Norfolk Street, Burnaby, BC, V5G 4J9, Canada",☐,☐,☐,☐,☐
Cedar West Roofing,http://www.cedarwestrfg.synthasite.com/,604-760-6104,Burnaby,"BC, Canada",☐,☐,☐,☐,☐
Centimark Roofing,http://www.centimarkltd.ca/,604-521-8911,Burnaby,"7680 Winston St, Burnaby, BC, V5A 2H4, Canada",☐,☐,☐,☐,☐
Coast Mountain Roof Ltd,https://coastmountainroof.com/,604-420-1657,Burnaby,"3-7228 Winston St, Burnaby, BC, V5A 2G9, Canada",☐,☐,☐,☐,☐
Helios Roofing & Waterproofing Ltd,https://heliosroofing.com/,604-783-2806,Burnaby,"200-5050 Kingsway, Burnaby, BC, V5H 4C2, Canada",☐,☐,☐,☐,☐
K2 Roofing Ltd,https://k2roofing.com/,604-317-0004,Burnaby,"BC, Canada",☐,☐,☐,☐,☐
Krc Roofing,https://krcroofing.ca/,604-209-3507,Burnaby,"7876 Allman St, Burnaby, BC, V5E 2B1, Canada",☐,☐,☐,☐,☐
Marine Roofing Group of Companies,https://marineroofing.com/,604-433-4322,Burnaby,"4909 Byrne Rd, Burnaby, BC, V5J 3H6, Canada",☐,☐,☐,☐,☐
Nu-Tech Roofing & Waterproofing Ltd,http://nutechroofing.com/,604-473-9587,Burnaby,"3196 Norland Ave, Burnaby, BC, V5B 3A6, Canada",☐,☐,☐,☐,☐
Pacific Restorations Ltd,http://www.pr-roofing.com/,604-437-1899,Burnaby,"5881 Beresford St, Burnaby, BC, V5J 1K1, Canada",☐,☐,☐,☐,☐
Pro Torch Roofing,http://www.protorchroofing.ca/,778-316-1247,Burnaby,"Burnaby, BC, V5J 0C4, Canada",☐,☐,☐,☐,☐
Ray Browne Roofing Ltd.,https://raybrowneroofing.com/,604-941-6120,Burnaby,"BC, Canada",☐,☐,☐,☐,☐
Roofing Contractors Assn Of B C,http://www.marineroofing.com/,604-433-4322,Burnaby,"BC, Canada",☐,☐,☐,☐,☐
S M Roofing Ltd,http://smroofing.com/,604-434-1305,Burnaby,"BC, Canada",☐,☐,☐,☐,☐
Topside Quality Roofing,http://www.topsideroofing.ca/,604-290-1650,Burnaby,"390 Ranelagh Ave N,, Burnaby, BC, V5B 1H8, Canada",☐,☐,☐,☐,☐
Budget Roof Cleaning,https://budgetroofcleaning.ca/,855-766-7776,Chilliwack,"Chilliwack, BC, V2P 0A1, Canada",☐,☐,☐,☐,☐
Budget Roof Cleaning Licensing Inc,http://budgetroofcleaning.ca/,604-705-2222,Chilliwack,"Chilliwack, BC, V2P 0A1, Canada",☐,☐,☐,☐,☐
Budget Roof Cleaning Ltd,http://budgetroofcleaning.ca/,604-846-7776,Chilliwack,"BC, Canada",☐,☐,☐,☐,☐
Cascade Roofing & Waterproofing,https://cascaderoofing.ca/,604-792-9600,Chilliwack,"43833 Progress Way, Chilliwack, BC, V2R 0E6, Canada",☐,☐,☐,☐,☐
Fraser Valley Roofing,http://fraservalleyroofingltd.ca/,604-795-6620,Chilliwack,"44687 Chalmer Pl, Chilliwack, BC, V2R 0H8, Canada",☐,☐,☐,☐,☐
J G Roofing & Construction,http://www.jgroofing.ca/,604-824-7663,Chilliwack,"Chilliwack, BC, V2R 3N7, Canada",☐,☐,☐,☐,☐
Leadworth Roofing And Renovations,https://www.leadworth.ca/,604-798-5588,Chilliwack,"12-8465 Harvard Pl, Chilliwack, BC, V2P 7Z5, Canada",☐,☐,☐,☐,☐
Precise Roofing Inc,http://www.preciseroofing.ca/,604-855-2857,Chilliwack,"46014 Clarke Dr, Chilliwack, BC, V2P 3N6, Canada",☐,☐,☐,☐,☐
Top Notch Roofing BC,http://hopkinsroofing.ca/,121-855-0743,Chilliwack,"10665 Standeven Road, Chilliwack, BC, V2P 6H4, Canada",☐,☐,☐,☐,☐
Accent Roofing,http://www.accentroofing.net/,604-931-1352,Coquitlam,"271 Bernatchey St, Coquitlam, BC, V3K 4C6, Canada",☐,☐,☐,☐,☐
BQR Systems Ltd,http://bcroofing.ca/,604-524-5325,Coquitlam,"61A Fawcett Rd, Coquitlam, BC, V3K 6V2, Canada",☐,☐,☐,☐,☐
Best Quality Roofing,https://bcroofing.ca/,604-716-5325,Coquitlam,"61A Fawcett Rd, Coquitlam, BC, V3K 6V2, Canada",☐,☐,☐,☐,☐
Mountain West Roofing,http://www.mwroofing.ca/,604-474-1185,Coquitlam,"BC, Canada",☐,☐,☐,☐,☐
Olympic Roofing,https://olympicroofing.ca/,604-552-4743,Coquitlam,"3036 Gordon Ave, Coquitlam, BC, V3C 2K7, Canada",☐,☐,☐,☐,☐
Olympic Roofing Ltd,http://www.olympicroofing.ca/,604-690-8654,Coquitlam,"BC, Canada",☐,☐,☐,☐,☐
Penfolds Roofing Inc,http://www.penfoldsroofing.com/,604-254-4663,Coquitlam,"2230 Hartley Ave, Coquitlam, BC, V3K 6X3, Canada",☐,☐,☐,☐,☐
Respectful Roofing Inc,http://www.respectfulroofing.com/,604-469-9121,Coquitlam,"1057 Spar Dr, Coquitlam, BC, V3H 3G9, Canada",☐,☐,☐,☐,☐
Seamless Roofing Inc,https://seamlessroofing.ca/,778-549-0855,Coquitlam,"BC, Canada",☐,☐,☐,☐,☐
Xtreme Roofing,https://XTREME-ROOFING.CA/,604-317-1852,Coquitlam,"BC, Canada",☐,☐,☐,☐,☐
Army Roofing Inc.,https://armyroofing.com/,778-686-7663,Delta,"4921 Coleman Pl, Delta, BC, V4K 3H8, Canada",☐,☐,☐,☐,☐
Continental Roofing,http://www.continentalroofing.com/,604-946-3011,Delta,"7464 Hume Ave, Delta, BC, V4G 1C5, Canada",☐,☐,☐,☐,☐
Interlock Metal Roofing - BC,https://www.roofbc.com,604-210-3850,Delta,"9969 River Way, Delta, British Columbia, V4G 1M8, Canada",☐,☐,☐,☐,☐
Rankin Skyline Roofing Services Ltd,http://www.rankinskyline.com/,123-055-6772,Delta,"4495 60B ST, DELTA, BC, V4K 3K9, Canada",☐,☐,☐,☐,☐
Titan Roofing,http://www.titanroofing.ca/,778-855-7663,Delta,"10665 Ramona Way, Delta, BC, V4C 6S5, Canada",☐,☐,☐,☐,☐
Above and Beyond Roofing Ltd,http://aboveandbeyondroofingltd.com/,250-300-5727,Kelowna,"3558 Springer Rd, Kelowna, BC, V4T 1N8, Canada",☐,☐,☐,☐,☐
All Canadian Roofing,https://allcanadianroofing.ca/,236-853-5146,Kelowna,"1479 Glenmore Rd N, Kelowna, BC, V1V 2C5, Canada",☐,☐,☐,☐,☐
Archer Roofing Repairs & Smaller Roof Replacemen ts,https://archerroofing.ca/,250-808-6297,Kelowna,"449 Pen Lane, Kelowna, BC, V1W 5J5, Canada",☐,☐,☐,☐,☐
Beck's Roofing & Siding Ltd,https://www.becksroofingkelowna.ca/,236-499-0762,Kelowna,"BC, Canada",☐,☐,☐,☐,☐
C S A Roofing,http://www.csaroofing.com/,236-499-0771,Kelowna,"48 Caramillo Rd, Kelowna, BC, V1V 1B3, Canada",☐,☐,☐,☐,☐
Canadian Roof,http://roofdoctor.ca/,250-451-9749,Kelowna,"3-715 Evans Crt, Kelowna, BC, V1X 6G4, Canada",☐,☐,☐,☐,☐
Elite Roofing Ltd,https://eliteroofing.ca/,250-762-3546,Kelowna,"4781 Old Vernon Rd, Kelowna, BC, V1X 7V6, Canada",☐,☐,☐,☐,☐
JV Roofing Ltd,https://jv-roofing.ca/,250-863-7172,Kelowna,"510 Bach Rd, Kelowna, BC, V1X 2K7, Canada",☐,☐,☐,☐,☐
Kelowna Roofing Ltd,https://kelowna-roofing.com/,250-765-4441,Kelowna,"3505 Alcan Rd, Kelowna, BC, V1X 7R3, Canada",☐,☐,☐,☐,☐
Laing Roofing,http://www.laingroofing.com/,250-765-3347,Kelowna,"BC, Canada",☐,☐,☐,☐,☐
Madge Custom Roofing,http://www.madgeroofing.com/,250-765-1180,Kelowna,"684 Fitzpatrick Rd, Kelowna, BC, V1X 5E1, Canada",☐,☐,☐,☐,☐
On Top Inspections 2012 Ltd,https://ontoproofconsulting.com/,250-808-9766,Kelowna,"BC, Canada",☐,☐,☐,☐,☐
Orchard Roofing,https://orchardroofing.ca/,250-681-1891,Kelowna,"1525 Hollywood Rd S, Kelowna, BC, V1X 4P2, Canada",☐,☐,☐,☐,☐
Osland Roofing,https://www.oslandroofing.com/,250-870-6727,Kelowna,"BC, Canada",☐,☐,☐,☐,☐
Osoyoos Roofing,https://osoyoosroofing.ca/,250-485-2322,Kelowna,"Kelowna, BC, V1W 3K3, Canada",☐,☐,☐,☐,☐
Pinnacle Roofing Ltd,http://www.pinnacleroofing.ca/,778-753-6464,Kelowna,"1A-3316 Appaloosa Rd, Kelowna, BC, V1V 2W5, Canada",☐,☐,☐,☐,☐
Pitch Masters Roofing Kelowna,http://pitchmasters.ca/,250-469-1022,Kelowna,"320 Prior Rd S, Kelowna, BC, V1X 2Y5, Canada",☐,☐,☐,☐,☐
Premium Roofing Ltd.,https://premiumroofingltd.com/,250-980-0913,Kelowna,"1502 Sutherland Ave #202, Kelowna, BC, V1Y 5Y6, Canada",☐,☐,☐,☐,☐
Roof Doctor,http://www.roofdoctor.ca/,250-765-3013,Kelowna,"3-715 Evans Crt, Kelowna, BC, V1X 6G4, Canada",☐,☐,☐,☐,☐
SV Roofing Ltd,http://svroofing.ca/,778-760-0400,Kelowna,"2851 Lakha Rd, Kelowna, BC, V1X 7W1, Canada",☐,☐,☐,☐,☐
Tomtar Roofing & Sheet Metal Ltd,http://tomtar.ca/,250-765-8122,Kelowna,"153 Pinto Rd, Kelowna, BC, V1V 2G9, Canada",☐,☐,☐,☐,☐
Topline Exteriors Ltd,http://Toplineext.com/,250-212-0781,Kelowna,"BC, Canada",☐,☐,☐,☐,☐
Wilderness Custom Exteriors Ltd,http://www.wildernesscustomexteriors.com/,250-258-9400,Kelowna,"4-690 McCurdy Rd, Kelowna, BC, V1X 2P5, Canada",☐,☐,☐,☐,☐
21St Century Roofers Ltd,https://21stcentury.ca/,778-609-8515,Langley,"20094 Fernridge Cres, Langley, BC, V2Z 1X4, Canada",☐,☐,☐,☐,☐
Aqua-Mobile Gutter Cleaning & Repair,http://aqua-mobile.ca/,604-812-5818,Langley,"20972 48 Ave, Langley, BC, V3A 3M1, Canada",☐,☐,☐,☐,☐
Big Guns Roofing,https://biggunsroofing.com/,604-816-3658,Langley,"9910 203 St, Langley, BC, V1M 3E3, Canada",☐,☐,☐,☐,☐
DSCServices BC Roof Inspections,http://www.bcroofinspections.com/,604-539-2510,Langley,"Langley, BC, Canada",☐,☐,☐,☐,☐
GRC Columbia Roofing Inc,http://www.grccolumbia.ca/,604-830-4168,Langley,"4863 240 St, Langley, BC, V2Z 2M6, Canada",☐,☐,☐,☐,☐
Northwood Roofing,https://northwoodroofing.com/,604-729-9489,Langley,"20540 Duncan Way #502, Langley, BC, V3A 7A3, Canada",☐,☐,☐,☐,☐
Roofing Contractors Association of BC,https://rcabc.org/,604-882-9734,Langley,"9734 201 St, Langley, BC, V1M 3E8, Canada",☐,☐,☐,☐,☐
Thomson Roofing Service,https://thomsonroofingservice.ca/,604-427-4145,Langley,"2382 204A St, Langley, BC, V2Z 1Z9, Canada",☐,☐,☐,☐,☐
Apex Roof Repairs and Maintenance LTD,https://apexroofrepairs.com/,604-203-9079,Maple Ridge,"11737 236 Street, Maple Ridge, BC, V4R 2E5, Canada",☐,☐,☐,☐,☐
Bakerview Roofing Ltd.,https://www.bakerviewroofing.ca/,778-222-6819,Maple Ridge,"24125 110 Avenue, Maple Ridge, BC, V2W 1J3, Canada",☐,☐,☐,☐,☐
Excel Roofing & Solar,https://www.excelroofing.ca/,778-200-7591,Maple Ridge,"12835 Lilley Drive, Maple Ridge, BC, V2W 0G1, Canada",☐,☐,☐,☐,☐
Jackson's Roofing,http://www.jacksonroofing.ca/,604-467-8388,Maple Ridge,"24710 Dewdney Trunk Rd, Maple Ridge, BC, V4R 1X3, Canada",☐,☐,☐,☐,☐
Ridge Meadows Roofing Inc,http://ridgemeadowsroofing.ca/,604-377-5401,Maple Ridge,"BC, Canada",☐,☐,☐,☐,☐
Action Roofing Ltd,http://www.actionroofingltd.com/,604-826-3294,Mission,"34453 Kirkpatrick Ave, Mission, BC, V2V 0B4, Canada",☐,☐,☐,☐,☐
Bulletproof Roof Systems,https://bulletproofroofsystems.com/,778-809-7663,Mission,"8364 Cade Barr St, MISSION, BC, V2V 3Z8, Canada",☐,☐,☐,☐,☐
Ewr Roofing Inc,http://hopkinsroofing.ca/,122-286-6481,Mission,"33878 Cherry Ave, Mission, BC, V2V 2V6, Canada",☐,☐,☐,☐,☐
Hopkins Roofing,http://hopkinsroofing.ca/,236-437-2195,Mission,"10223 Shaw St, Mission, BC, V4S 1J4, Canada",☐,☐,☐,☐,☐
Nika Roofing Ltd,https://nikaroofing.ca/,778-858-7122,New Westminster,"New Westminster, BC, V3L 4X8, Canada",☐,☐,☐,☐,☐
Save on Roof,https://saveonroof.ca/,604-351-4014,New Westminster,"New Westminster, BC, V3L 4X8, Canada",☐,☐,☐,☐,☐
Affordable Quality Roofings Ltd,https://affordablequalityroofing.com/,123-012-0345,North Vancouver,"212-2411 Dollarton Hwy, North Vancouver, BC, V7H 0A3, Canada",☐,☐,☐,☐,☐
Burrard Roofing & Drainage Inc,https://BURRARDROOFING.COM/,604-986-1812,North Vancouver,"135 Riverside Drive West, North Vancouver, BC, V7H 1T6, Canada",☐,☐,☐,☐,☐
Cypress Roofing Ltd,https://cypressroofing.com/,604-929-3837,North Vancouver,"1695 Emerson Crt, North Vancouver, BC, V7H 2Y6, Canada",☐,☐,☐,☐,☐
Eco Exteriors Roofing and Solar Ltd.,https://ecoexteriors.com?utm_source=google&utm_medium=organic&utm_campaign=gbp,604-985-4326,North Vancouver,"144 19th Street East, North Vancouver, BC, V7L 2Y8, Canada",☐,☐,☐,☐,☐
Heyes Roofing & Installations,https://heyesroofing.com/,604-985-8546,North Vancouver,"357 Lynn Ave, North Vancouver, BC, V7J 2C4, Canada",☐,☐,☐,☐,☐
Straightline Roofing Services Inc,http://straightlineservices.ca/,778-318-1860,North Vancouver,"80 Orwell St, North Vancouver District, BC, V7J 3R5, Canada",☐,☐,☐,☐,☐
Hometown Roofing Ltd.,https://hometownroofing.ca/,250-490-9337,Penticton,"150 Chatham Pl, Penticton, BC, V2A 7L6, Canada",☐,☐,☐,☐,☐
Interior Roofing (2011) Ltd,http://www.interiorroofing.com/,250-492-7985,Penticton,"466 Dawson Avenue, Penticton, BC, V2A 3N7, Canada",☐,☐,☐,☐,☐
Nielsen Roofing & Sheet Metal Ltd.,http://nielsenroofing.ca/,250-492-3916,Penticton,"683 Okanagan Ave E, Penticton, BC, V2A 3K7, Canada",☐,☐,☐,☐,☐
Mack Kirk Roofing & Sheet Metal Ltd,http://www.mackkirkroofing.com/,604-258-7121,Pitt Meadows,"130-18799 Airport Way, Pitt Meadows, BC, V3Y 2B4, Canada",☐,☐,☐,☐,☐
Citadel Roofing & Waterproofing LTD.,https://www.citadelroofing.ca/,604-612-3601,Port Coquitlam,"1730 Coast Meridian Road, Port Coquitlam, BC, V3C 3T8, Canada",☐,☐,☐,☐,☐
Navco Construction / Roofing,http://www.navcoconstruction.com/,778-588-7477,Port Coquitlam,"414-2368 Marpole Ave, Port Coquitlam, BC, V3C 0B4, Canada",☐,☐,☐,☐,☐
Penfolds Roofing Tri Cities,http://www.penfoldsroofing.com/,604-942-4663,Port Coquitlam,"300-2232 McAllister Ave, Port Coquitlam, BC, V3C 2A6, Canada",☐,☐,☐,☐,☐
Spartan Roofing,http://www.spartanroofing.ca/,604-379-1345,Port Coquitlam,"3193 Wellington St, Port Coquitlam, BC, V3B 3X6, Canada",☐,☐,☐,☐,☐
Arbutus Roofing & Drains Ltd,http://www.arbutusroofing.com/,604-272-7277,Richmond,"4260 Vanguard Rd, Richmond, BC, V6X 2P5, Canada",☐,☐,☐,☐,☐
Crown Metal Roofing,http://www.crownmetalltd.com/,604-210-7780,Richmond,"1075 Millcarch St, Richmond, BC, V6V 2H4, Canada",☐,☐,☐,☐,☐
Crown Roofing LTD,https://crownroofingltd.com/,604-370-6288,Richmond,"118-11860 Hammersmith Way, Richmond, BC, V7A 5G1, Canada",☐,☐,☐,☐,☐
Crown Roofing Residential Division,http://www.crownroofingltd.com/,604-327-6966,Richmond,"1071 Millcarch St, Richmond, BC, V6V 2H4, Canada",☐,☐,☐,☐,☐
H B Roofing & Sheet Metal Ltd,http://www.hbroofing.ca/,604-948-0577,Richmond,"BC, Canada",☐,☐,☐,☐,☐
M & B Roofing Ltd,http://www.mbroofing.ca?fbclid=IwAR0BRkgQ7-cdnPJ0DC4ePmRuI2HS2WdqGkhqIC-jvqQvzViRoHoQDa0bc3M,778-862-7305,Richmond,"11180 Bridgeport Road, Richmond, BC, V6X 1T2, Canada",☐,☐,☐,☐,☐
Diamond Tip Roofing,http://diamondtiproofing.com/,604-966-4810,Squamish,"38039 5 Ave, Squamish, BC, V8B 0J7, Canada",☐,☐,☐,☐,☐
Garibaldi Roofing,http://www.garibaldiroofing.com/,604-898-2285,Squamish,"107-1101 Commercial Pl, Squamish, BC, V8B 1B5, Canada",☐,☐,☐,☐,☐
Abney Roofing Ltd,http://www.abneyroofing.com/,604-534-5715,Surrey,"BC, Canada",☐,☐,☐,☐,☐
Arnold & Sons Roofing Ltd,http://www.arnoldandsonsroofing.com/,604-460-2385,Surrey,"BC, Canada",☐,☐,☐,☐,☐
Axis Waterproofing Ltd,http://www.axiswaterproofing.com/,778-240-8248,Surrey,"BC, Canada",☐,☐,☐,☐,☐
B-Cheema Roofing Ltd,http://www.bcheemaroofing.ca/,604-722-3600,Surrey,"2242 168 St, Surrey, BC, V3Z 0B5, Canada",☐,☐,☐,☐,☐
Best J R Roofing Ltd,http://bestjrroofingltd.ca/,604-209-1686,Surrey,"201-8381 128 St, Surrey, BC, V3W 4G1, Canada",☐,☐,☐,☐,☐
Best Look Roofing Ltd,https://www.bestlookroofing.ca/,778-908-8141,Surrey,"7855 127 St, Surrey, BC, V3W 4B2, Canada",☐,☐,☐,☐,☐
Bindy Roofing,http://bindyroofing.ca/,604-652-1748,Surrey,"6667 126 St, Surrey, BC, V3W 1V8, Canada",☐,☐,☐,☐,☐
Bollman Roofing & Sheet Metal Ltd,http://www.bollmanroofing.com/,604-513-8637,Surrey,"18945 96 Ave, Surrey, BC, V4N 3P3, Canada",☐,☐,☐,☐,☐
Canam Roofing,http://www.canamroofing.ca/,778-881-1417,Surrey,"BC, Canada",☐,☐,☐,☐,☐
Cedar Roofs Only,http://www.cedarroofsonly.com/,604-835-7663,Surrey,"BC, Canada",☐,☐,☐,☐,☐
Columbia Roofing,http://grccolumbia.ca/,604-594-7627,Surrey,"Newton, BC, Canada",☐,☐,☐,☐,☐
Consumers Choice Roofing & Drainage,http://ccrandd.ca/,604-805-4829,Surrey,"18267 64 Ave, Surrey, BC, V3S 0M3, Canada",☐,☐,☐,☐,☐
DC Roofing Inc,http://www.dcroofing.ca/,604-583-1084,Surrey,"Surrey, BC, Canada",☐,☐,☐,☐,☐
Dil Brothers Construction Services Ltd,http://hazelmereroofing.ca/,122-830-7906,Surrey,"8820 141A St, Surrey, BC, V3V 7W5, Canada",☐,☐,☐,☐,☐
Eagle Mount Roofing & Framing Ltd,http://hazelmereroofing.ca/,122-855-9968,Surrey,"13232 Shakespeare Pl, Surrey, BC, V3W 6C9, Canada",☐,☐,☐,☐,☐
Flat Roofing B.C Inc,https://www.flatroofingbc.com/,604-385-3178,Surrey,"13786 27 Ave, Surrey, BC, V4P 1T1, Canada",☐,☐,☐,☐,☐
Friendly Roofing Ltd,http://friendlyroofing.ca/,604-498-0606,Surrey,"BC, Canada",☐,☐,☐,☐,☐
Harvey Roofing,http://harveyroofing.ca/,778-872-9051,Surrey,"13021 60A Ave, Surrey, BC, V3X 3T6, Canada",☐,☐,☐,☐,☐
Hazelmere Roofing Ltd,http://hazelmereroofing.ca/,604-808-1655,Surrey,"BC, Canada",☐,☐,☐,☐,☐
Highland Roofing Ltd,https://highlandroofingltd.ca/,778-908-8091,Surrey,"BC, Canada",☐,☐,☐,☐,☐
Homan Roofing Ltd,http://www.homan.ca/,604-514-9547,Surrey,"BC, Canada",☐,☐,☐,☐,☐
JJ Roofing,https://jjroofing.ca/,604-726-6345,Surrey,"6651 132 St, Surrey, BC, V3W 4L7, Canada",☐,☐,☐,☐,☐
Kanga Roofing,http://www.kangaroofing.ca/,604-240-9510,Surrey,"8013 144 St, Surrey, BC, V3W 5T3, Canada",☐,☐,☐,☐,☐
Mainland Roofing Ltd,http://hazelmereroofing.ca/,122-767-6544,Surrey,"11033 164 St, Surrey, BC, V4N 4X9, Canada",☐,☐,☐,☐,☐
Paragon Roofing BC,https://paragonroofingbc.ca/,604-358-3436,Surrey,"12233 92 Avenue, Surrey, BC, V3V 1G3, Canada",☐,☐,☐,☐,☐
Pattar Roofing Ltd,http://pattarroofing.com/,604-588-0833,Surrey,"10170 Grace Rd, Surrey, BC, V3V 3V6, Canada",☐,☐,☐,☐,☐
Penfolds Roofing & Solar Inc,http://www.penfoldsroofing.com/,604-591-6635,Surrey,"2160 King George Blvd, Surrey, BC, V4A 5A2, Canada",☐,☐,☐,☐,☐
Rai Roofing Ltd,http://rairoofing.com/,604-807-0307,Surrey,"9452 132A St, Surrey, BC, V3V 6W5, Canada",☐,☐,☐,☐,☐
Raven Roofing Ltd,https://ravenroofing.com/,604-531-9619,Surrey,"Surrey, BC, V3T 4W3, Canada",☐,☐,☐,☐,☐
SRS Roofing & Exteriors,https://www.srsroofing.ca/,604-655-8194,Surrey,"7290 123 St, Surrey, BC, V3W 9J1, Canada",☐,☐,☐,☐,☐
SW Roof Restoration & Maintenance,http://www.southwestroof.ca/,604-719-8180,Surrey,"233-15355 24 Ave, Surrey, BC, V4A 2H9, Canada",☐,☐,☐,☐,☐
Touchstone Roofing Ltd,http://hazelmereroofing.ca/,122-810-5274,Surrey,"9280 148A St, Surrey, BC, V3R 3Y9, Canada",☐,☐,☐,☐,☐
Weatherguard Gutters Inc,http://www.weatherguardgutters.com/,604-574-1985,Surrey,"7175 184 Street, Surrey, BC, V4N 5V1, Canada",☐,☐,☐,☐,☐
Williams Roofing & Drainage Limited,http://williamsroofing.ca/,604-504-1414,Surrey,"BC, Canada",☐,☐,☐,☐,☐
A-Top Roofing Ltd,http://www.atoproofing.ca/,778-874-0421,Vancouver,"BC, Canada",☐,☐,☐,☐,☐
Absolute Roof Solutions Ltd,http://www.absoluteroof.ca/,604-263-0334,Vancouver,"1676 75 Avenue W, Vancouver, BC, V6P 6G2, Canada",☐,☐,☐,☐,☐
Accurate Roofing Ltd,http://www.accurateroofing.ca/,604-250-3939,Vancouver,"312-2818 Main St, Vancouver, BC, V5T 0C1, Canada",☐,☐,☐,☐,☐
Adanac Roofing & Gutters,https://adanac.ca/,778-655-3036,Vancouver,"206-456 Moberly Rd, Vancouver, BC, V5Z 4L7, Canada",☐,☐,☐,☐,☐
All Coast Roofing,https://allcoastroofing.ca/,778-229-0250,Vancouver,"BC, Canada",☐,☐,☐,☐,☐
Arbutus Roofing & Drains (2006) Ltd,http://www.arbutusroofing.com/,604-214-4422,Vancouver,"315-2233 Burrard St, Vancouver, BC, V6J 3H9, Canada",☐,☐,☐,☐,☐
Cambie Drainage Contractors Ltd,http://cambieroofing.com/,604-261-1111,Vancouver,"1367 E Kent Ave North, Vancouver, BC, V5X 4T6, Canada",☐,☐,☐,☐,☐
Cambie Roofing & Drainage,https://cambieroofing.com/,604-261-1111,Vancouver,"1367 E Kent Ave North, Vancouver, BC, V5X 4T6, Canada",☐,☐,☐,☐,☐
Chisholm Roofing Ltd,http://chisholmroofing.ca/,604-325-8099,Vancouver,"1083 East Kent Avenue North, Vancouver, BC, V5X 4V9, Canada",☐,☐,☐,☐,☐
Collingwood Roofing Ltd,http://collingwoodroofing.ca/,604-779-5014,Vancouver,"5080 Rupert St, Vancouver, BC, V5R 2J8, Canada",☐,☐,☐,☐,☐
Crown Roofing & Drainage,http://www.crownroofingltd.com/,604-737-2477,Vancouver,"Vancouver, BC, V6B 3P7, Canada",☐,☐,☐,☐,☐
Crucial Roof Services Ltd,http://crucialroofservices.com/,604-638-2192,Vancouver,"BC, Canada",☐,☐,☐,☐,☐
Done Right Solutions Ltd,http://worryfreeroofing.ca/,604-522-1993,Vancouver,"111-1790 W 10th Ave, Vancouver, BC, V6J 2A6, Canada",☐,☐,☐,☐,☐
Drytech Renovations & Roofing Inc,http://www.drytech.ca/,604-228-7633,Vancouver,"1230 75th Ave W, Vancouver, BC, V6P 3G3, Canada",☐,☐,☐,☐,☐
Dulai Roofing Ltd,http://www.dulairoofing.com/,604-874-2111,Vancouver,"Vancouver, BC, Canada",☐,☐,☐,☐,☐
Enviro-Green Roof Restorations - Roof Cleaning & Moss Removal,https://enviro-roofrestoration.com/,604-505-9744,Vancouver,"2828 Main St, Vancouver, BC, V5T 3G2, Canada",☐,☐,☐,☐,☐
Fraserview Roofing,http://www.fraserviewroofing.com/,604-897-3614,Vancouver,"5907 Culloden Street, Vancouver, BC, V5W 3S3, Canada",☐,☐,☐,☐,☐
Granville Cladding & Roofing Ltd,http://www.granvilleroofing.com/,604-878-7663,Vancouver,"400-601 Broadway W, Vancouver, BC, V5Z 4C2, Canada",☐,☐,☐,☐,☐
Great West Coast Roofing Ltd,http://www.greatwestcoastroofing.com/,778-783-0271,Vancouver,"668 Citadel Parade, Vancouver, BC, V6B 1W6, Canada",☐,☐,☐,☐,☐
Grist Slate & Copper Roofing,https://www.gristslateandcopper.com/,250-800-5711,Vancouver,"1345 Ravensview Dr, Victoria, BC, V9B 6P7, Canada",☐,☐,☐,☐,☐
H B Roofing Ltd,http://hbroofing.ca/,604-946-5346,Vancouver,"BC, Canada",☐,☐,☐,☐,☐
H Paras Roofing,http://www.vancouver-roofing.com/,604-319-1312,Vancouver,"BC, Canada",☐,☐,☐,☐,☐
Hunter Roofing Ltd,http://www.hunterroofing.com/,604-695-0920,Vancouver,"Vancouver, BC, V6B 3P7, Canada",☐,☐,☐,☐,☐
In Awe Roofing,https://inaweroofing.com/,604-255-7663,Vancouver,"BC, Canada",☐,☐,☐,☐,☐
Interlock Roofing Systems,http://www.interlockroofing.com/,866-733-5811,Vancouver,"Vancouver, BC, V6B 3P7, Canada",☐,☐,☐,☐,☐
Kerrisdale Roofing & Drains,https://kerrisdaleroofinganddrains.com/,604-360-2114,Vancouver,"Vancouver, BC, V6B 3P7, Canada",☐,☐,☐,☐,☐
Komo Roofing,https://www.komoroofing.com,778-888-0449,Vancouver,"1917 West 4th Avenue, Vancouver, British Columbia, V6J 1M7, Canada",☐,☐,☐,☐,☐
LKH Waterproofing,http://www.lkhwaterproofing.com/,604-781-8426,Vancouver,"BC, Canada",☐,☐,☐,☐,☐
Laurentian Roofing Inc,http://laurentianroofing.com/,604-345-7663,Vancouver,"8165 Main St, Vancouver, BC, V5X 3L2, Canada",☐,☐,☐,☐,☐
Lockhart Roofing,https://lockhart-roofing.ca/,604-314-5544,Vancouver,"BC, Canada",☐,☐,☐,☐,☐
MPG Roofing,http://mpgroofing.ca/,604-916-1428,Vancouver,"200-1982 Broadway W, Vancouver, BC, V6J 1Z2, Canada",☐,☐,☐,☐,☐
Max Roofing,https://maxroofingbc.ca/,604-379-1751,Vancouver,"407- 5932 Patterson Ave, Vancouver, BC, V6B 3P7, Canada",☐,☐,☐,☐,☐
Millwall Roofing Ltd,https://millwallroofing.com/,604-763-1930,Vancouver,"BC, Canada",☐,☐,☐,☐,☐
Moores Waterproofing,https://fsjroofing.com/,250-793-9581,Vancouver,"Fort St. John, BC, V1J 5Y3, Canada",☐,☐,☐,☐,☐
Pacific Shores Roofing Company,http://www.pacificshoresroofing.com/,604-841-4426,Vancouver,"BC, Canada",☐,☐,☐,☐,☐
Regan Roofing Ltd,https://reganroofing.ca/,604-324-1574,Vancouver,"105-8838 Heather St, Vancouver, BC, V6P 3S8, Canada",☐,☐,☐,☐,☐
Reliable Roof Repair,http://www.reliableroofrepair.ca/,604-259-0011,Vancouver,"408 Kent Ave South E, Vancouver, BC, V5X 2X7, Canada",☐,☐,☐,☐,☐
Sierrans Roofing Ltd,https://sierransroofing.ca/,778-997-8301,Vancouver,"BC, Canada",☐,☐,☐,☐,☐
Taves Roofing,http://www.tavesroofing.com/,604-726-6402,Vancouver,"Vancouver, BC, Canada",☐,☐,☐,☐,☐
Williams Roofing & Drainage Ltd,http://williamsroofing.ca/,604-650-0929,Vancouver,"BC, Canada",☐,☐,☐,☐,☐
Community Roofing Ltd,http://www.communityroofing.ca/,250-541-3096,Vernon,"6943 Old Kamloops Road, Vernon, BC, V1H 1W1, Canada",☐,☐,☐,☐,☐
End2End Roofing Vernon Bc,https://vernonroofingbc.com/,778-717-2381,Vernon,"17 Laverman Dr, Vernon, BC, V1H 2G6, Canada",☐,☐,☐,☐,☐
Exel Exteriors,https://exelexteriors.ca/,250-309-7574,Vernon,"PO Box 20024 Rpo Shoppers North, Vernon, BC, V1T 9L4, Canada",☐,☐,☐,☐,☐
Hunter Exteriors,http://hunterexteriors.ca/,250-306-6638,Vernon,"Vernon, BC, Canada",☐,☐,☐,☐,☐
Moore Roofing,http://www.madgeroofing.com/,250-938-5470,Vernon,"3801 15 Ave, Vernon, BC, V1T 7Z8, Canada",☐,☐,☐,☐,☐
OK Supreme Roofing & Painting,https://www.oksupreme.ca/,778-946-0672,Vernon,"3806 Alexis Park Dr, Vernon, BC, V1T 6G9, Canada",☐,☐,☐,☐,☐
Quality Roofing,https://okanaganqualityroofing.ca/,250-546-9629,Vernon,"4448 Hallam Rd RR 4, Armstrong, BC, V0E 1B4, Canada",☐,☐,☐,☐,☐
Select Roofing,https://www.selectroofers.ca/,250-541-1317,Vernon,"4306 Highland Park Road, Armstrong, BC, V0E 1B4, Canada",☐,☐,☐,☐,☐
Solar Roofing,http://www.SolarRoofingBc.com/,250-558-9366,Vernon,"4409 25 St, Vernon, BC, V1T 4S7, Canada",☐,☐,☐,☐,☐
Tfroofing,https://tfroofing.site/,250-308-5863,Vernon,"11404 Kalamalka Road, Coldstream, BC, V1B 1M1, Canada",☐,☐,☐,☐,☐
Torchcraft Roofing,http://www.torchcraftroofing.ca/,250-558-2005,Vernon,"BC, Canada",☐,☐,☐,☐,☐
Vernon Roofing Inc,https://roofinginvernon.com/,250-549-4819,Vernon,"2805 27th Street, Vernon, BC, V1T 4W3, Canada",☐,☐,☐,☐,☐
BC's Best Roof Corp,http://www.bcbestroof.ca/,877-661-7003,West Kelowna,"576-2475 Dobbin Rd, West Kelowna, BC, V4T 2E9, Canada",☐,☐,☐,☐,☐
Coastal Roof Cleaning Experts,https://www.coastalroofcleaningexperts.com/,604-366-8602,West Vancouver,"BC, Canada",☐,☐,☐,☐,☐
Chief Roofing,http://chiefroofing.ca/,604-913-7234,Whistler,"BC, Canada",☐,☐,☐,☐,☐
Pocklington Roofing Systems Ltd.,http://pbswhistler.com/,604-932-1838,Whistler,"101-1002 Lynham Rd, Whistler, BC, V8E 0K4, Canada",☐,☐,☐,☐,☐
