ÔªøName,Phone number,City,Location,Needs website,Called,Answered,Voicemail,Not interested,Wants demo
Abbotsford Re-N-Re Roofing,604-851-2911,Abbotsford,"BC, Canada",Yes,‚òê,‚òê,‚òê,‚òê,‚òê
Abbotsford Roofers,604-772-1481,Abbotsford,"BC, Canada",Yes,‚òê,‚òê,‚òê,‚òê,‚òê
Abby Roofing Ltd,604-854-5237,Abbotsford,"BC, Canada",Yes,‚òê,‚òê,‚òê,‚òê,‚òê
Ace Roofing Ltd,778-246-1414,Abbotsford,"BC, Canada",Yes,‚òê,‚òê,‚òê,‚òê,‚òê
Advanced Aspect Roofing and Contracting,778-549-2105,Abbotsford,"606 McKenzie Rd, Abbotsford, BC, V2S 7N4, Canada",Yes,‚òê,‚òê,‚òê,‚òê,‚òê
Affordabld Roofing,778-242-4988,Abbotsford,"BC, Canada",Yes,‚òê,‚òê,‚òê,‚òê,‚òê
Allpro Roof Restoration,604-853-6956,Abbotsford,"2544 Alderview St, Abbotsford, BC, V2S 4C9, Canada",Yes,‚òê,‚òê,‚òê,‚òê,‚òê
Apps Roofing & Repairs,604-807-0786,Abbotsford,"34986 Laburnum Ave, Abbotsford, BC, V2S 5M7, Canada",Yes,‚òê,‚òê,‚òê,‚òê,‚òê
Assurity Roofing,778-554-7494,Abbotsford,"33315 Lynn Ave, Abbotsford, BC, V2S 1E1, Canada",Yes,‚òê,‚òê,‚òê,‚òê,‚òê
Astral Roofing Ltd,604-857-2104,Abbotsford,"28531 Marsh McCormick Rd, Abbotsford, BC, V4X 2G9, Canada",Yes,‚òê,‚òê,‚òê,‚òê,‚òê
Avon Roofing & Construction Ltd,604-996-2286,Abbotsford,"BC, Canada",Yes,‚òê,‚òê,‚òê,‚òê,‚òê
Azimuth Roofing,855-852-6593,Abbotsford,"6460 2 St Se, Calgary, AB, T2H 1J4, Canada",Yes,‚òê,‚òê,‚òê,‚òê,‚òê
B C Damp Proofing,604-852-4447,Abbotsford,"9-2678 McCallum Rd, Abbotsford, BC, V2S 6X3, Canada",Yes,‚òê,‚òê,‚òê,‚òê,‚òê
Best Price Roofing,778-878-7663,Abbotsford,"Abbotsford, BC, V2T 6H1, Canada",Yes,‚òê,‚òê,‚òê,‚òê,‚òê
Brico Roofing Systems,604-308-8495,Abbotsford,"301-33675 Marshall Rd, Abbotsford, BC, V2S 1L4, Canada",Yes,‚òê,‚òê,‚òê,‚òê,‚òê
Britcan Roofing,604-226-2853,Abbotsford,"BC, Canada",Yes,‚òê,‚òê,‚òê,‚òê,‚òê
Chilliwack Roofing Ltd.,604-209-4252,Abbotsford,"BC, Canada",Yes,‚òê,‚òê,‚òê,‚òê,‚òê
Corbett Dersch Roofing,604-835-7070,Abbotsford,"BC, Canada",Yes,‚òê,‚òê,‚òê,‚òê,‚òê
D&D Roofing Inc,778-552-7441,Abbotsford,"28504 Starr Rd, Abbotsford, BC, V4X 2C5, Canada",Yes,‚òê,‚òê,‚òê,‚òê,‚òê
Da-Man Roofing,778-809-1981,Abbotsford,"BC, Canada",Yes,‚òê,‚òê,‚òê,‚òê,‚òê
Dave Schmidt Roofing,604-825-3771,Abbotsford,"2564 Gable Crt, Abbotsford, BC, V3G 1M1, Canada",Yes,‚òê,‚òê,‚òê,‚òê,‚òê
Direct Gutter & Roofing,604-425-0679,Abbotsford,"Abbotsford, BC, Canada",Yes,‚òê,‚òê,‚òê,‚òê,‚òê
Direct Roofing Ltd,778-402-4035,Abbotsford,"30971 Peardonville Rd, Abbotsford, BC, V2T 6K3, Canada",Yes,‚òê,‚òê,‚òê,‚òê,‚òê
Doerksen Roofing,778-769-2635,Abbotsford,"102-33415 MacLure Rd, Abbotsford, BC, V2S 0C4, Canada",Yes,‚òê,‚òê,‚òê,‚òê,‚òê
Felix's Roofing Ltd,604-864-8508,Abbotsford,"37658 Atkinson Rd, Abbotsford, BC, V3G 2G7, Canada",Yes,‚òê,‚òê,‚òê,‚òê,‚òê
Four Corner Roofing Ltd.,604-614-4710,Abbotsford,"BC, Canada",Yes,‚òê,‚òê,‚òê,‚òê,‚òê
Glen's Roofing,604-302-3000,Abbotsford,"2863 Princess St, Abbotsford, BC, V2T 2S7, Canada",Yes,‚òê,‚òê,‚òê,‚òê,‚òê
H & E Roofing,778-241-3751,Abbotsford,"2481 Aladdin Cres, Abbotsford, BC, V2S 5K7, Canada",Yes,‚òê,‚òê,‚òê,‚òê,‚òê
Howie's Roofing Inc,604-309-1565,Abbotsford,"2874 Upland Cres, Abbotsford, BC, V2T 2E9, Canada",Yes,‚òê,‚òê,‚òê,‚òê,‚òê
Huffman & Son Roofing,604-832-2447,Abbotsford,"34059 Hazelwood Ave, Abbotsford, BC, V2S 7R1, Canada",Yes,‚òê,‚òê,‚òê,‚òê,‚òê
Integrity Roofing,604-768-0304,Abbotsford,"2151 Maywood Crt, Abbotsford, BC, V2S 4Y9, Canada",Yes,‚òê,‚òê,‚òê,‚òê,‚òê
Jambee Roofing,604-613-4852,Abbotsford,"BC, Canada",Yes,‚òê,‚òê,‚òê,‚òê,‚òê
Just Clad Metal Roofing,778-347-2523,Abbotsford,"QC, Canada",Yes,‚òê,‚òê,‚òê,‚òê,‚òê
Ken Roofing and Restoration Services,604-751-2324,Abbotsford,"BC, Canada",Yes,‚òê,‚òê,‚òê,‚òê,‚òê
Loewen Roofing,604-850-0973,Abbotsford,"2351 Beaver St, Abbotsford, BC, V2T 3C9, Canada",Yes,‚òê,‚òê,‚òê,‚òê,‚òê
MRI Roofing & Contractors,604-832-1914,Abbotsford,"Abbotsford, BC, V2S 1A1, Canada",Yes,‚òê,‚òê,‚òê,‚òê,‚òê
Modren Roofing Inc.,604-300-7684,Abbotsford,"31615 Ridgeview Dr, Abbotsford, BC, V2T 6R9, Canada",Yes,‚òê,‚òê,‚òê,‚òê,‚òê
Nick's Roofing,604-309-2349,Abbotsford,"2581 Parkview Street, Abbotsford, BC, V2T 3K9, Canada",Yes,‚òê,‚òê,‚òê,‚òê,‚òê
No-Puncture Roof Diagnostics Inc,778-823-2026,Abbotsford,"33494 Rainbow Ave, Abbotsford, BC, V2S 1E7, Canada",Yes,‚òê,‚òê,‚òê,‚òê,‚òê
Patch's Surrey Dome Roofing Ltd,604-857-0773,Abbotsford,"28709 Downes Rd, Abbotsford, BC, V4X 1N7, Canada",Yes,‚òê,‚òê,‚òê,‚òê,‚òê
Paul Sawatzky Roofing,604-852-4728,Abbotsford,"Po Box 426 Stn A, Abbotsford, BC, V2T 6Z7, Canada",Yes,‚òê,‚òê,‚òê,‚òê,‚òê
Penfolds Roofing And Solar,604-379-0338,Abbotsford,"19-36060 Old Yale Rd, Abbotsford, BC, V3G 2E9, Canada",Yes,‚òê,‚òê,‚òê,‚òê,‚òê
Perfection Roofing Ltd,604-832-2048,Abbotsford,"29445 Simpson Rd, Abbotsford, BC, V4X 1H9, Canada",Yes,‚òê,‚òê,‚òê,‚òê,‚òê
Pilgrims Roof Maintenance,604-302-8739,Abbotsford,"Abbotsford, BC, Canada",Yes,‚òê,‚òê,‚òê,‚òê,‚òê
RadClad Metal Roofing,778-840-0181,Abbotsford,"2069 Meadows St, Abbotsford, BC, V2T 3A5, Canada",Yes,‚òê,‚òê,‚òê,‚òê,‚òê
Rick's Roofing,604-312-2026,Abbotsford,"32134 Peardonville Rd, Abbotsford, BC, V2T 1M1, Canada",Yes,‚òê,‚òê,‚òê,‚òê,‚òê
Rite-Way Roofing Ltd,604-807-6058,Abbotsford,"3378 Saturna Cres, Abbotsford, BC, V2T 4S3, Canada",Yes,‚òê,‚òê,‚òê,‚òê,‚òê
Roofing Doctor,778-771-0262,Abbotsford,"BC, Canada",Yes,‚òê,‚òê,‚òê,‚òê,‚òê
Sarao Roofing,604-613-3480,Abbotsford,"BC, Canada",Yes,‚òê,‚òê,‚òê,‚òê,‚òê
Sasquatch Roofing,604-812-8585,Abbotsford,"2578 James St, Abbotsford, BC, V2T 3L5, Canada",Yes,‚òê,‚òê,‚òê,‚òê,‚òê
Sky Roofing,604-857-2534,Abbotsford,"BC, Canada",Yes,‚òê,‚òê,‚òê,‚òê,‚òê
Straight Forward Roofing,778-246-0941,Abbotsford,"Abbostford, BC, V2T 2E7, Canada",Yes,‚òê,‚òê,‚òê,‚òê,‚òê
Taves Roofing Mission,604-670-7553,Abbotsford,"34347 Catchpole Ave, BC, V2V 6P2, Canada",Yes,‚òê,‚òê,‚òê,‚òê,‚òê
Undercover Roofing & Siding,604-850-1794,Abbotsford,"BC, Canada",Yes,‚òê,‚òê,‚òê,‚òê,‚òê
BT Roofing Works,604-791-2152,Agassiz,"6752 Whelpton Rd, Agassiz, BC, V0M 1A4, Canada",Yes,‚òê,‚òê,‚òê,‚òê,‚òê
Epps Roofing,604-796-0220,Agassiz,"4758 Lougheed Hwy, Agassiz, BC, V0M 1A3, Canada",Yes,‚òê,‚òê,‚òê,‚òê,‚òê
H & G Roofing & Sheet Metal,604-796-0499,Agassiz,"7023 Mulberry Pl, Agassiz, BC, V0M 1A3, Canada",Yes,‚òê,‚òê,‚òê,‚òê,‚òê
Aldergrove Roofing,778-389-5564,Aldergrove,"1121 248 St, Aldergrove, BC, V4W 2B8, Canada",Yes,‚òê,‚òê,‚òê,‚òê,‚òê
Fec Roofing,778-551-3133,Aldergrove,"26921 Alder Dr, Aldergrove, BC, V4W 3H1, Canada",Yes,‚òê,‚òê,‚òê,‚òê,‚òê
Gold Star Roofing Ltd,604-825-4068,Aldergrove,"Aldergrove, BC, Canada",Yes,‚òê,‚òê,‚òê,‚òê,‚òê
Peak Pro Roofing,778-241-1985,Aldergrove,"Aldergrove, BC, V4W 2V2, Canada",Yes,‚òê,‚òê,‚òê,‚òê,‚òê
Price Roofing,604-825-2759,Aldergrove,"Aldergrove, BC, V4W 2V2, Canada",Yes,‚òê,‚òê,‚òê,‚òê,‚òê
Sand Mountain Roofing,604-308-3581,Aldergrove,"24941 40 Ave, Aldergrove, BC, V4W 1X2, Canada",Yes,‚òê,‚òê,‚òê,‚òê,‚òê
Triple G Roofing,604-825-6859,Aldergrove,"Aldergrove, BC, V4W 2V2, Canada",Yes,‚òê,‚òê,‚òê,‚òê,‚òê
Wiley Roofing Ltd,604-454-4084,Aldergrove,"26527 Fraser Hwy, Aldergrove, BC, V4W 3E2, Canada",Yes,‚òê,‚òê,‚òê,‚òê,‚òê
Select Roofing Limited,604-724-4429,Belcarra,"3464 Marine Ave, Belcarra, BC, V3H 4R7, Canada",Yes,‚òê,‚òê,‚òê,‚òê,‚òê
Gary Charette Roofing,604-947-2267,Bowen Island,"Bowen Island, BC, Canada",Yes,‚òê,‚òê,‚òê,‚òê,‚òê
Advanced Systems Roofing & Waterproofing Ltd,604-515-7971,Burnaby,"BC, Canada",Yes,‚òê,‚òê,‚òê,‚òê,‚òê
Anand Roofing,604-761-4112,Burnaby,"BC, Canada",Yes,‚òê,‚òê,‚òê,‚òê,‚òê
Asman Roofing Ltd,604-762-2774,Burnaby,"BC, Canada",Yes,‚òê,‚òê,‚òê,‚òê,‚òê
B J Roofing & Insulation Ltd,604-434-7411,Burnaby,"6849 MacPherson Ave, Burnaby, BC, V5J 4N2, Canada",Yes,‚òê,‚òê,‚òê,‚òê,‚òê
BC Roofing & Renovations,604-376-1871,Burnaby,"BC, Canada",Yes,‚òê,‚òê,‚òê,‚òê,‚òê
Bill The Roofer,604-522-8516,Burnaby,"BC, Canada",Yes,‚òê,‚òê,‚òê,‚òê,‚òê
Blackwater Roofing co,236-867-6797,Burnaby,"720 6th St, BC, V3L 3C5, Canada",Yes,‚òê,‚òê,‚òê,‚òê,‚òê
Broadway Roofing,250-589-9642,Burnaby,"400-7430 Lowland Dr, Burnaby, BC, V5J 5A4, Canada",Yes,‚òê,‚òê,‚òê,‚òê,‚òê
Burnaby Tough Roofing,604-262-4064,Burnaby,"4232 Grant St, Burnaby, BC, V5C 3N9, Canada",Yes,‚òê,‚òê,‚òê,‚òê,‚òê
Century Roofing Ltd,604-375-0726,Burnaby,"Burnaby, BC, V5J 3J1, Canada",Yes,‚òê,‚òê,‚òê,‚òê,‚òê
Don's Damp Proofing,604-328-3267,Burnaby,"BC, Canada",Yes,‚òê,‚òê,‚òê,‚òê,‚òê
Durand Roofing Contracting,778-858-1790,Burnaby,"210 Deadman Rd, Savona, BC, V0K 2J0, Canada",Yes,‚òê,‚òê,‚òê,‚òê,‚òê
Eagle Roofing LTD,604-319-6600,Burnaby,"4515 Watling St, Burnaby, BC, V5J 1V7, Canada",Yes,‚òê,‚òê,‚òê,‚òê,‚òê
Exterior Worx Siding,778-858-0707,Burnaby,"BC, Canada",Yes,‚òê,‚òê,‚òê,‚òê,‚òê
F-N-A Roofing,604-440-7663,Burnaby,"Burnaby, BC, V5A 1B9, Canada",Yes,‚òê,‚òê,‚òê,‚òê,‚òê
Fastdone Roofing,604-918-5095,Burnaby,"200-4170 Still Creek Dr, Burnaby, BC, V5C 6C6, Canada",Yes,‚òê,‚òê,‚òê,‚òê,‚òê
G & K Roofing Ltd,604-523-3596,Burnaby,"8-7675 Edmonds St, Burnaby, BC, V3N 1B7, Canada",Yes,‚òê,‚òê,‚òê,‚òê,‚òê
G.K. Roofing,604-526-4217,Burnaby,"7675 Edmonds Street, Burnaby, British Columbia, V3N 1B6, Canada",Yes,‚òê,‚òê,‚òê,‚òê,‚òê
Greater Vancouver Roofing Inc.,604-388-4660,Burnaby,"75N Stratford Ave N, Burnaby, BC, V5B 1L1, Canada",Yes,‚òê,‚òê,‚òê,‚òê,‚òê
Guardians Roofing Ltd,778-861-5248,Burnaby,"BC, Canada",Yes,‚òê,‚òê,‚òê,‚òê,‚òê
Hans Roofing Ltd,778-862-0523,Burnaby,"BC, Canada",Yes,‚òê,‚òê,‚òê,‚òê,‚òê
Janzen Roofing,604-617-8843,Burnaby,"BC, Canada",Yes,‚òê,‚òê,‚òê,‚òê,‚òê
Kim's Roofing Services,778-861-5200,Burnaby,"BC, Canada",Yes,‚òê,‚òê,‚òê,‚òê,‚òê
Kleanroofing,778-322-9740,Burnaby,"6307 Bryant St, Burnaby, BC, V5E 1S4, Canada",Yes,‚òê,‚òê,‚òê,‚òê,‚òê
Mainland Roofing & Siding,604-889-8827,Burnaby,"BC, Canada",Yes,‚òê,‚òê,‚òê,‚òê,‚òê
Marine Roofing,604-433-9741,Burnaby,"BC, Canada",Yes,‚òê,‚òê,‚òê,‚òê,‚òê
Morrison Tile Roofing Ltd.,604-761-6114,Burnaby,"BC, Canada",Yes,‚òê,‚òê,‚òê,‚òê,‚òê
Mt Roofing,604-294-1575,Burnaby,"4922 Venables St, Burnaby, BC, V5B 1X7, Canada",Yes,‚òê,‚òê,‚òê,‚òê,‚òê
Muscle Stronger Roofing Ltd.,778-896-9111,Burnaby,"Burnaby, BC, Canada",Yes,‚òê,‚òê,‚òê,‚òê,‚òê
NR Gallaxy Roofing Services,604-786-0426,Burnaby,"140-7153 14th Ave, Burnaby, BC, V3N 1Z3, Canada",Yes,‚òê,‚òê,‚òê,‚òê,‚òê
Normal Roofing Company,778-862-8577,Burnaby,"BC, Canada",Yes,‚òê,‚òê,‚òê,‚òê,‚òê
OJ Roofing Co,604-889-2317,Burnaby,"BC, Canada",Yes,‚òê,‚òê,‚òê,‚òê,‚òê
Official Roofing Ltd,604-537-6714,Burnaby,"BC, Canada",Yes,‚òê,‚òê,‚òê,‚òê,‚òê
Philippians Roofing Ltd.,778-927-7295,Burnaby,"6715 St. Charles Pl, Burnaby, BC, V5H 3W2, Canada",Yes,‚òê,‚òê,‚òê,‚òê,‚òê
Planet Roofing Ltd,778-863-5044,Burnaby,"BC, Canada",Yes,‚òê,‚òê,‚òê,‚òê,‚òê
Ramco Roofing,604-761-6104,Burnaby,"BC, Canada",Yes,‚òê,‚òê,‚òê,‚òê,‚òê
Red Fox Roofing,778-888-5073,Burnaby,"5705 Cedarwood St, Burnaby, BC, V5G 2K7, Canada",Yes,‚òê,‚òê,‚òê,‚òê,‚òê
Reputable Roofing,604-243-9835,Burnaby,"7949 10Th Ave, Burnaby, BC, V3N 2S3, Canada",Yes,‚òê,‚òê,‚òê,‚òê,‚òê
Roof And Gutter cleaning,778-893-1090,Burnaby,"BC, Canada",Yes,‚òê,‚òê,‚òê,‚òê,‚òê
Rooftek Roofing Ltd,778-991-6956,Burnaby,"7727 Stanley St, Burnaby, BC, V5E 1V7, Canada",Yes,‚òê,‚òê,‚òê,‚òê,‚òê
Royal Roofing & Waterproofing,604-562-8599,Burnaby,"BC, Canada",Yes,‚òê,‚òê,‚òê,‚òê,‚òê
S M Roofing BC Ltd,604-220-9304,Burnaby,"3738 Avondale St, Burnaby, BC, V5G 1N9, Canada",Yes,‚òê,‚òê,‚òê,‚òê,‚òê
SPC Roofing & Waterproofing Ltd,604-420-1199,Burnaby,"Burnaby, BC, V5A 2Z6, Canada",Yes,‚òê,‚òê,‚òê,‚òê,‚òê
Saint Jude?S Roofing,604-396-5790,Burnaby,"3844 Hertford St, Burnaby, BC, V5G 2R4, Canada",Yes,‚òê,‚òê,‚òê,‚òê,‚òê
Save On Roofing,778-892-1266,Burnaby,"BC, Canada",Yes,‚òê,‚òê,‚òê,‚òê,‚òê
Sears Roofing Window & Door,778-321-5375,Burnaby,"Burnaby, BC, Canada",Yes,‚òê,‚òê,‚òê,‚òê,‚òê
Signature Roofing,604-616-9016,Burnaby,"BC, Canada",Yes,‚òê,‚òê,‚òê,‚òê,‚òê
Skyline Roofers Inc,778-238-8114,Burnaby,"7988 Wickham Pl, Burnaby, BC, V5E 4G5, Canada",Yes,‚òê,‚òê,‚òê,‚òê,‚òê
Skys The Limit Roofing Ltd,604-219-8457,Burnaby,"BC, Canada",Yes,‚òê,‚òê,‚òê,‚òê,‚òê
South West Roof Restoration & Maintenance,604-760-7935,Burnaby,"BC, Canada",Yes,‚òê,‚òê,‚òê,‚òê,‚òê
South West Roofing,604-760-7937,Burnaby,"BC, Canada",Yes,‚òê,‚òê,‚òê,‚òê,‚òê
Ssg Roof Inspections Inc,604-671-2000,Burnaby,"7933 11Th Ave, Burnaby, BC, V3N 2N5, Canada",Yes,‚òê,‚òê,‚òê,‚òê,‚òê
Stanger & Son Roofers,604-291-6765,Burnaby,"Burnaby, BC, Canada",Yes,‚òê,‚òê,‚òê,‚òê,‚òê
Stephens Roofing,604-294-9720,Burnaby,"3873 Pender St, Burnaby, BC, V5C 2L4, Canada",Yes,‚òê,‚òê,‚òê,‚òê,‚òê
Sunrise Roofing Ltd,778-387-2178,Burnaby,"BC, Canada",Yes,‚òê,‚òê,‚òê,‚òê,‚òê
Superteam Roofing,604-765-7080,Burnaby,"BC, Canada",Yes,‚òê,‚òê,‚òê,‚òê,‚òê
Taves Roofing New Westminster,604-524-6695,Burnaby,"BC, Canada",Yes,‚òê,‚òê,‚òê,‚òê,‚òê
Taves Roofing North Vancouver,604-980-1058,Burnaby,"BC, Canada",Yes,‚òê,‚òê,‚òê,‚òê,‚òê
Top Rank Roofing Inc,604-763-6178,Burnaby,"BC, Canada",Yes,‚òê,‚òê,‚òê,‚òê,‚òê
Tudor Roofing and Restoration,604-764-5133,Burnaby,"BC, Canada",Yes,‚òê,‚òê,‚òê,‚òê,‚òê
Upper Roofing Ltd,778-859-5102,Burnaby,"BC, Canada",Yes,‚òê,‚òê,‚òê,‚òê,‚òê
Urban Roofing Co Ltd,604-435-6074,Burnaby,"BC, Canada",Yes,‚òê,‚òê,‚òê,‚òê,‚òê
Van Roofing Ltd,604-215-0090,Burnaby,"BC, Canada",Yes,‚òê,‚òê,‚òê,‚òê,‚òê
Vantage Roofing Ltd.,778-765-1110,Burnaby,"Burnaby, BC, Canada",Yes,‚òê,‚òê,‚òê,‚òê,‚òê
Walden Roofing Ltd,778-869-5645,Burnaby,"5645 Highfield Dr, Burnaby, BC, V5B 1E4, Canada",Yes,‚òê,‚òê,‚òê,‚òê,‚òê
Wincap Roofing,778-858-6349,Burnaby,"BC, Canada",Yes,‚òê,‚òê,‚òê,‚òê,‚òê
Wolf Roofing And Property Maintenance,778-987-4916,Burnaby,"Burnaby, BC, Canada",Yes,‚òê,‚òê,‚òê,‚òê,‚òê
Yun Wo Roofing & Waterproofing Ltd,604-710-1300,Burnaby,"6951 Nelson Ave, Burnaby, BC, V5J 4B9, Canada",Yes,‚òê,‚òê,‚òê,‚òê,‚òê
Andy's Roofing Company,604-703-5794,Chilliwack,"42025 Keith Wilson Rd, Chilliwack, BC, V2R 4B2, Canada",Yes,‚òê,‚òê,‚òê,‚òê,‚òê
Applied Roofing Service,604-393-7074,Chilliwack,"5475 Lickman Rd, Chilliwack, BC, V2R 4P8, Canada",Yes,‚òê,‚òê,‚òê,‚òê,‚òê
Assa Roofing Ltd,778-539-6864,Chilliwack,"BC, Canada",Yes,‚òê,‚òê,‚òê,‚òê,‚òê
Aurora Roofing,778-539-6633,Chilliwack,"45085 Wolfe Rd, Chilliwack, BC, V2P 0C5, Canada",Yes,‚òê,‚òê,‚òê,‚òê,‚òê
Bruce's Roofing,604-309-8529,Chilliwack,"4150 Eckert St, Chilliwack, BC, V2R 5J6, Canada",Yes,‚òê,‚òê,‚òê,‚òê,‚òê
Crossrange Roofing & Siding Ltd,778-539-7950,Chilliwack,"46396 Strathcona Rd, Chilliwack, BC, V2P 3T3, Canada",Yes,‚òê,‚òê,‚òê,‚òê,‚òê
Davey Toews Roofing and Renovations,604-997-9287,Chilliwack,"Chilliwack, BC, Canada",Yes,‚òê,‚òê,‚òê,‚òê,‚òê
Donnlyn Roofing,905-642-1961,Chilliwack,"43915 Industrial Way, Chilliwack, ON, Canada",Yes,‚òê,‚òê,‚òê,‚òê,‚òê
Dwh Roofing Ltd,778-539-7424,Chilliwack,"8520 Bradshaw Pl, Chilliwack, BC, V4Z 0A7, Canada",Yes,‚òê,‚òê,‚òê,‚òê,‚òê
EJ Roofing,604-819-9550,Chilliwack,"8516 Howard Cres, Chilliwack, BC, V2P 5R6, Canada",Yes,‚òê,‚òê,‚òê,‚òê,‚òê
East Valley Roofing,778-539-5567,Chilliwack,"9128 Young Rd, Chilliwack, BC, V2P 4R4, Canada",Yes,‚òê,‚òê,‚òê,‚òê,‚òê
Edgeline Roof Consultants,604-824-4035,Chilliwack,"46755 Woodspring Pl, Chilliwack, BC, V2R 3W6, Canada",Yes,‚òê,‚òê,‚òê,‚òê,‚òê
Edgewater Roofing & Siding,604-792-2788,Chilliwack,"104-45823 Victoria Ave, Chilliwack, BC, V2P 2T2, Canada",Yes,‚òê,‚òê,‚òê,‚òê,‚òê
Epps Roofing & Renovations,604-703-1958,Chilliwack,"BC, Canada",Yes,‚òê,‚òê,‚òê,‚òê,‚òê
Gable 2 Gable Roofing,604-997-3071,Chilliwack,"9473 Broadway St, Chilliwack, BC, V2P 8E7, Canada",Yes,‚òê,‚òê,‚òê,‚òê,‚òê
JM Roofing Solutions,604-378-2521,Chilliwack,"BC, Canada",Yes,‚òê,‚òê,‚òê,‚òê,‚òê
John The Roofer Ltd,604-792-1659,Chilliwack,"6020 Parsons Rd, Chilliwack, BC, V4Z 1A4, Canada",Yes,‚òê,‚òê,‚òê,‚òê,‚òê
Leo's Roofing,604-819-0783,Chilliwack,"9584 Broadway, Chilliwack, BC, V2P 5T6, Canada",Yes,‚òê,‚òê,‚òê,‚òê,‚òê
Roof Medics,778-287-4090,Chilliwack,"BC, Canada",Yes,‚òê,‚òê,‚òê,‚òê,‚òê
STOP R√íOF LEAKS,778-684-7663,Chilliwack,"46608A Chilliwack Central Rd, Chilliwack, BC, V2P 1K2, Canada",Yes,‚òê,‚òê,‚òê,‚òê,‚òê
Sandy Mackenzie Roofing,604-316-1024,Chilliwack,"202-45535 Spadina Ave, Chilliwack, BC, V2P 1V2, Canada",Yes,‚òê,‚òê,‚òê,‚òê,‚òê
Sardis Roofing,604-799-1297,Chilliwack,"BC, Canada",Yes,‚òê,‚òê,‚òê,‚òê,‚òê
Scott's Roofing & Exteriors Ltd,778-539-6801,Chilliwack,"45244 Stevenson Rd, Chilliwack, BC, V2R 1L9, Canada",Yes,‚òê,‚òê,‚òê,‚òê,‚òê
Stop Roof Leaks,604-702-8140,Chilliwack,"BC, Canada",Yes,‚òê,‚òê,‚òê,‚òê,‚òê
The Roof Medics,778-297-4090,Chilliwack,"46038 Larter Ave, Chilliwack, BC, V2P 6M6, Canada",Yes,‚òê,‚òê,‚òê,‚òê,‚òê
Wci Roofing,604-794-3615,Chilliwack,"Rosedale, BC, Canada",Yes,‚òê,‚òê,‚òê,‚òê,‚òê
iBUILD ROOFING,647-927-4224,Chilliwack,"8831 Young Rd, Chilliwack, BC, V2P 4P6, Canada",Yes,‚òê,‚òê,‚òê,‚òê,‚òê
Affiliated Gutters,604-937-7730,Coquitlam,"81 Golden Dr, Coquitlam, BC, V3K 6R2, Canada",Yes,‚òê,‚òê,‚òê,‚òê,‚òê
Affiliated Roofers,604-942-7731,Coquitlam,"BC, Canada",Yes,‚òê,‚òê,‚òê,‚òê,‚òê
Al's Roofing,604-523-0767,Coquitlam,"BC, Canada",Yes,‚òê,‚òê,‚òê,‚òê,‚òê
All Weather Roofing,604-616-0360,Coquitlam,"BC, Canada",Yes,‚òê,‚òê,‚òê,‚òê,‚òê
Bestco Roofing,604-727-4806,Coquitlam,"434 Lakeview St, Coquitlam, BC, V3K 5K8, Canada",Yes,‚òê,‚òê,‚òê,‚òê,‚òê
Bestco Roofing Ltd,604-773-3522,Coquitlam,"BC, Canada",Yes,‚òê,‚òê,‚òê,‚òê,‚òê
Dodo Roofing,778-554-0109,Coquitlam,"322 Mariner Way, Coquitlam, BC, V3K 1N6, Canada",Yes,‚òê,‚òê,‚òê,‚òê,‚òê
Eagle Roofing & Disposal,604-467-6058,Coquitlam,"BC, Canada",Yes,‚òê,‚òê,‚òê,‚òê,‚òê
Euro Lock Metal Roofing,778-987-4054,Coquitlam,"BC, Canada",Yes,‚òê,‚òê,‚òê,‚òê,‚òê
Excel Roofing,604-351-7994,Coquitlam,"3265 Chartwell Green, Coquitlam, BC, V3E 3M9, Canada",Yes,‚òê,‚òê,‚òê,‚òê,‚òê
Gelinas Roofing & Renovations,604-715-1767,Coquitlam,"Coquitlam, BC, V3J 6Z3, Canada",Yes,‚òê,‚òê,‚òê,‚òê,‚òê
High Profile Roof Care Inc,778-899-5325,Coquitlam,"BC, Canada",Yes,‚òê,‚òê,‚òê,‚òê,‚òê
Hogan's Roofing,604-710-4791,Coquitlam,"BC, Canada",Yes,‚òê,‚òê,‚òê,‚òê,‚òê
Industrial Roofing Ltd,604-462-8953,Coquitlam,"BC, Canada",Yes,‚òê,‚òê,‚òê,‚òê,‚òê
L A Roofing Ltd,604-856-3333,Coquitlam,"BC, Canada",Yes,‚òê,‚òê,‚òê,‚òê,‚òê
Laurentian Roofing,604-613-9106,Coquitlam,"2940 Waterford Pl, Coquitlam, BC, V3E 2S9, Canada",Yes,‚òê,‚òê,‚òê,‚òê,‚òê
Maple Ridge Roofing,778-823-3778,Coquitlam,"BC, Canada",Yes,‚òê,‚òê,‚òê,‚òê,‚òê
Mensink Roofing,604-740-1057,Coquitlam,"208-2080 Hartley Ave, Coquitlam, BC, V3K 6W5, Canada",Yes,‚òê,‚òê,‚òê,‚òê,‚òê
PEOPLE'S CHOICE ROOFING MAINTENANCE LTD,647-573-8408,Coquitlam,"BC, Canada",Yes,‚òê,‚òê,‚òê,‚òê,‚òê
Particular Roofing,604-686-4092,Coquitlam,"Coquitlam, BC, Canada",Yes,‚òê,‚òê,‚òê,‚òê,‚òê
Poco Roofing & Building Envelope Solutions,604-773-2112,Coquitlam,"1290 Mitchell St, Coquitlam, BC, V3E 0N9, Canada",Yes,‚òê,‚òê,‚òê,‚òê,‚òê
Proper Roofing LTD,778-554-8350,Coquitlam,"1710 Harbour Drive, Coquitlam, BC, V3J 5W2, Canada",Yes,‚òê,‚òê,‚òê,‚òê,‚òê
Resilience Roofing & Siding Ltd,604-830-6305,Coquitlam,"Coquitlam, BC, Canada",Yes,‚òê,‚òê,‚òê,‚òê,‚òê
Roof-x Exterior,778-779-1501,Coquitlam,"537 Foster Ave, Coquitlam, BC, V3J 0J9, Canada",Yes,‚òê,‚òê,‚òê,‚òê,‚òê
SOTA ROOFING Ltd.,778-829-0053,Coquitlam,"Coquitlam, BC, V3E 2Y2, Canada",Yes,‚òê,‚òê,‚òê,‚òê,‚òê
Slope Masters Roofing Ltd,604-728-2318,Coquitlam,"632 Berry Street, Coquitlam, BC, V3J 5T6, Canada",Yes,‚òê,‚òê,‚òê,‚òê,‚òê
Solution Roofing Ltd,604-466-7829,Coquitlam,"BC, Canada",Yes,‚òê,‚òê,‚òê,‚òê,‚òê
Sr Roofing & Gutter,778-688-2486,Coquitlam,"1240 Hornby St, Coquitlam, BC, V3E 1C5, Canada",Yes,‚òê,‚òê,‚òê,‚òê,‚òê
The Old Roofer,778-835-7455,Coquitlam,"205-2080 Hartley Ave, Coquitlam, BC, V3K 6W5, Canada",Yes,‚òê,‚òê,‚òê,‚òê,‚òê
Thorn Hill Exteriors,604-655-5572,Coquitlam,"25198 100 Ave, BC, V2W 1S3, Canada",Yes,‚òê,‚òê,‚òê,‚òê,‚òê
Tymey Roofing,604-376-5101,Coquitlam,"327 Laurentian Crescent, Coquitlam, BC, V3K 1Y2, Canada",Yes,‚òê,‚òê,‚òê,‚òê,‚òê
Wakefield Roofing,604-837-4655,Coquitlam,"1155 The High St, Coquitlam, BC, V3B 7W4, Canada",Yes,‚òê,‚òê,‚òê,‚òê,‚òê
West Coast Roofing Ltd,604-613-1560,Coquitlam,"204-3176 Plateau Blvd, Coquitlam, BC, V3E 3J2, Canada",Yes,‚òê,‚òê,‚òê,‚òê,‚òê
Wet Coast Waterproofing,604-936-8349,Coquitlam,"1398 Dansey Ave, Coquitlam, BC, V3K 3H8, Canada",Yes,‚òê,‚òê,‚òê,‚òê,‚òê
Wilco Roofing & Foundation,877-824-8808,Coquitlam,"1220 Seguin Dr, Coquitlam, BC, V3K 6W8, Canada",Yes,‚òê,‚òê,‚òê,‚òê,‚òê
A & T Roofing,604-360-6014,Delta,"5666 10 Ave, Delta, BC, V4L 1C1, Canada",Yes,‚òê,‚òê,‚òê,‚òê,‚òê
All Weather Waterproofing,604-596-3397,Delta,"11770 82 Ave, Delta, BC, V4C 2C5, Canada",Yes,‚òê,‚òê,‚òê,‚òê,‚òê
Atlas Roofing Corp of Canada,604-395-8360,Delta,"971 Derwent Way, Delta, BC, V3M 5R4, Canada",Yes,‚òê,‚òê,‚òê,‚òê,‚òê
Atwal Roofing Ltd,778-245-9456,Delta,"9456 117A St, Delta, BC, V4C 6E4, Canada",Yes,‚òê,‚òê,‚òê,‚òê,‚òê
Delta Roofing,604-337-0933,Delta,"5674D 9 Ave, Delta, BC, V4L 1B5, Canada",Yes,‚òê,‚òê,‚òê,‚òê,‚òê
Goodliferoofing,604-762-8528,Delta,"4261 Arthur Dr, Delta, BC, V4K 2X1, Canada",Yes,‚òê,‚òê,‚òê,‚òê,‚òê
Graceful Siding and Roofing,604-594-4403,Delta,"11655 88A Ave, Delta, BC, V4C 7R4, Canada",Yes,‚òê,‚òê,‚òê,‚òê,‚òê
JB Roofing,778-242-9027,Delta,"11175 Larson Rd, Delta, BC, V4C 1S4, Canada",Yes,‚òê,‚òê,‚òê,‚òê,‚òê
New-Age Roofing Ltd,604-839-8502,Delta,"7919 117 St, Delta, BC, V4C 6A7, Canada",Yes,‚òê,‚òê,‚òê,‚òê,‚òê
Rai Jasbir Roofing Ltd,604-590-3077,Delta,"9074 119A St, Delta, BC, V4C 6N8, Canada",Yes,‚òê,‚òê,‚òê,‚òê,‚òê
Roofrite Roofing,604-715-2126,Delta,"6046 49B Ave, Delta, BC, V4K 1Z8, Canada",Yes,‚òê,‚òê,‚òê,‚òê,‚òê
Ross Roofing & Siding,604-401-6610,Delta,"9491 119A St, Delta, BC, V4C 6M6, Canada",Yes,‚òê,‚òê,‚òê,‚òê,‚òê
Vancouver Roofers Co.,604-940-8115,Delta,"5393 Brigantine Rd, Delta, BC, V4K 4Z3, Canada",Yes,‚òê,‚òê,‚òê,‚òê,‚òê
Mike's Roofing,604-860-9147,Hope,"962 3rd Ave, Hope, BC, V0X 1L0, Canada",Yes,‚òê,‚òê,‚òê,‚òê,‚òê
4 Season Roofing,250-868-2526,Kelowna,"Kelowna, BC, Canada",Yes,‚òê,‚òê,‚òê,‚òê,‚òê
A T Roofing,250-307-1242,Kelowna,"Kelowna, BC, V1X 3P5, Canada",Yes,‚òê,‚òê,‚òê,‚òê,‚òê
AC Cuyler Roofing,250-212-7339,Kelowna,"Kelowna, BC, V1Y 4G1, Canada",Yes,‚òê,‚òê,‚òê,‚òê,‚òê
Above It All Roofing,250-808-1579,Kelowna,"819 Moyer Rd, Kelowna, BC, V1X 4S1, Canada",Yes,‚òê,‚òê,‚òê,‚òê,‚òê
Advanced Level Roofing,250-980-3392,Kelowna,"170 Rutland Rd N, 2 V, Kelowna, BC, V1X 3B2, Canada",Yes,‚òê,‚òê,‚òê,‚òê,‚òê
Albert Bosch Roofing,250-765-5088,Kelowna,"BC, Canada",Yes,‚òê,‚òê,‚òê,‚òê,‚òê
All Pro Roofing Ltd,250-212-5996,Kelowna,"280 Benchview Rd, Kelowna, BC, V1X 1M5, Canada",Yes,‚òê,‚òê,‚òê,‚òê,‚òê
Andmac Roofing,250-869-5709,Kelowna,"105-1069 K.L.O. Rd, Kelowna, BC, V1Y 4X6, Canada",Yes,‚òê,‚òê,‚òê,‚òê,‚òê
Application Roofing,250-681-5922,Kelowna,"Kelowna, BC, V1Y 6J8, Canada",Yes,‚òê,‚òê,‚òê,‚òê,‚òê
Associated Roof Svc Ltd,250-763-5202,Kelowna,"202 Valley Rd N, Kelowna, BC, V1V 2G1, Canada",Yes,‚òê,‚òê,‚òê,‚òê,‚òê
Avenue Exteriors,250-212-5568,Kelowna,"BC, Canada",Yes,‚òê,‚òê,‚òê,‚òê,‚òê
Best Quality Roofers,604-757-8782,Kelowna,"114 - 3530 Alcan Rd, Kelowna, BC, V1X 7R4, Canada",Yes,‚òê,‚òê,‚òê,‚òê,‚òê
Black Mountain Roofing,778-215-7663,Kelowna,"Kelowna, BC, Canada",Yes,‚òê,‚òê,‚òê,‚òê,‚òê
CCR Roofing,250-470-7854,Kelowna,"BC, Canada",Yes,‚òê,‚òê,‚òê,‚òê,‚òê
CJR Roofing Ltd,250-870-2270,Kelowna,"BC, Canada",Yes,‚òê,‚òê,‚òê,‚òê,‚òê
Canpac Roofing Distribution Lt,250-762-7466,Kelowna,"Kelowna, BC, Canada",Yes,‚òê,‚òê,‚òê,‚òê,‚òê
Central Roofing Systems ltd,250-575-2842,Kelowna,"1107 Hudson Rd W, BC, V1Z 1J2, Canada",Yes,‚òê,‚òê,‚òê,‚òê,‚òê
Cktown Roofing & Exteriors,250-764-3842,Kelowna,"140 Commercial Dr, Kelowna, BC, V1X 7X6, Canada",Yes,‚òê,‚òê,‚òê,‚òê,‚òê
DAI Roofing,250-863-3025,Kelowna,"410 Hartman Rd, Kelowna, BC, V1X 2N1, Canada",Yes,‚òê,‚òê,‚òê,‚òê,‚òê
Dales Roofing & Chimney,250-718-2709,Kelowna,"BC, Canada",Yes,‚òê,‚òê,‚òê,‚òê,‚òê
Dazzling Roofing,250-212-6667,Kelowna,"Kelowna, BC, V1Y 5W1, Canada",Yes,‚òê,‚òê,‚òê,‚òê,‚òê
Done Wright Roofing,250-863-4727,Kelowna,"BC, Canada",Yes,‚òê,‚òê,‚òê,‚òê,‚òê
E C Roofing,250-215-1616,Kelowna,"4317 Hazell Road, Kelowna, BC, V1W 1P9, Canada",Yes,‚òê,‚òê,‚òê,‚òê,‚òê
Eagle Roofing,250-212-9258,Kelowna,"Kelowna, BC, Canada",Yes,‚òê,‚òê,‚òê,‚òê,‚òê
Exteriors Plus,250-491-3336,Kelowna,"3306 Highway 97 N, Kelowna, BC, V1X 5C2, Canada",Yes,‚òê,‚òê,‚òê,‚òê,‚òê
Fehr-Trade Eavestrough & Roofing,250-469-4888,Kelowna,"777 Ellis St, Kelowna, BC, V1Y 0A1, Canada",Yes,‚òê,‚òê,‚òê,‚òê,‚òê
Fenton Exteriors,778-480-6453,Kelowna,"415 Commonwealth Rd, Kelowna, BC, V4V 1P4, Canada",Yes,‚òê,‚òê,‚òê,‚òê,‚òê
Firstline Roofing Ltd,250-878-0577,Kelowna,"260 Bach Rd, Kelowna, BC, V1X 2K6, Canada",Yes,‚òê,‚òê,‚òê,‚òê,‚òê
Goat Roofing,250-575-8361,Kelowna,"831 Cadder Ave, Kelowna, BC, V1Y 5N7, Canada",Yes,‚òê,‚òê,‚òê,‚òê,‚òê
Hamlet Roofing,250-864-2364,Kelowna,"BC, Canada",Yes,‚òê,‚òê,‚òê,‚òê,‚òê
J L Custom Insulation & Roofing Ltd,250-862-3439,Kelowna,"2030 Hidden Ridge Pl, Kelowna, BC, V1V 2X8, Canada",Yes,‚òê,‚òê,‚òê,‚òê,‚òê
JSA Roofing & Sheet Metal,250-681-3973,Kelowna,"BC, Canada",Yes,‚òê,‚òê,‚òê,‚òê,‚òê
Jaden Roofing Ltd,250-765-9459,Kelowna,"1855 Jonathan Rd, Kelowna, BC, V1P 1A9, Canada",Yes,‚òê,‚òê,‚òê,‚òê,‚òê
Jattana Roofing & Renovation,778-598-1399,Kelowna,"415 Fitzpatrick Rd, Kelowna, BC, V1X 5C8, Canada",Yes,‚òê,‚òê,‚òê,‚òê,‚òê
Jay's Exteriors,250-317-6644,Kelowna,"370 Hillaby Ave, Kelowna, BC, V1X 6G2, Canada",Yes,‚òê,‚òê,‚òê,‚òê,‚òê
Just Us Roofing,250-470-9905,Kelowna,"12-1853 Edgehill Ave, Kelowna, BC, V1V 1X8, Canada",Yes,‚òê,‚òê,‚òê,‚òê,‚òê
K -Town Roofing & Repairs,250-258-0980,Kelowna,"BC, Canada",Yes,‚òê,‚òê,‚òê,‚òê,‚òê
K Town Roofing,250-300-3154,Kelowna,"Kelowna, BC, V1X 4K3, Canada",Yes,‚òê,‚òê,‚òê,‚òê,‚òê
Kelowna Roofing (1984) Ltd,877-765-4441,Kelowna,"BC, Canada",Yes,‚òê,‚òê,‚òê,‚òê,‚òê
Ktowns Experienced Roofers,250-215-9882,Kelowna,"Kelowna, BC, Canada",Yes,‚òê,‚òê,‚òê,‚òê,‚òê
Lake Country Roofing,855-999-2253,Kelowna,"BC, Canada",Yes,‚òê,‚òê,‚òê,‚òê,‚òê
Lakeland Roofing,236-361-3707,Kelowna,"2684-530 Gaston Ave, Kelowna, BC, V1Y 0A5, Canada",Yes,‚òê,‚òê,‚òê,‚òê,‚òê
Lyon Roofing,778-215-9517,Kelowna,"BC, Canada",Yes,‚òê,‚òê,‚òê,‚òê,‚òê
Metal Roofing Expert,778-821-0173,Kelowna,"Kelowna, BC, Canada",Yes,‚òê,‚òê,‚òê,‚òê,‚òê
Middleton's Custom Roofing & Torch Works,250-317-9692,Kelowna,"BC, Canada",Yes,‚òê,‚òê,‚òê,‚òê,‚òê
Modern Roofing,778-237-0751,Kelowna,"1270 Elwyn Rd, Kelowna, BC, V1X 1P6, Canada",Yes,‚òê,‚òê,‚òê,‚òê,‚òê
Next Level Moss Treatment And Roof Cleaning,778-760-3506,Kelowna,"201-1110 Harvey Ave, Kelowna, BC, V1Y 6E7, Canada",Yes,‚òê,‚òê,‚òê,‚òê,‚òê
Okanagan Exteriors Inc.,250-826-1595,Kelowna,"1537 Longley Cres, Kelowna, BC, V1P 1M9, Canada",Yes,‚òê,‚òê,‚òê,‚òê,‚òê
Okanagan Roofing,250-769-1100,Kelowna,"82-1929 Highway 97 S, Kelowna, BC, V1Z 2Z1, Canada",Yes,‚òê,‚òê,‚òê,‚òê,‚òê
Okanagan Roofing & Contracting,250-575-1184,Kelowna,"Kelowna, BC, Canada",Yes,‚òê,‚òê,‚òê,‚òê,‚òê
Okanagan Sun Roofing,250-864-7484,Kelowna,"495 Okaview Rd, Kelowna, BC, V1W 4M1, Canada",Yes,‚òê,‚òê,‚òê,‚òê,‚òê
Pacific Interior Roof Consultants & Inspections Ltd,250-258-3324,Kelowna,"Kelowna, BC, Canada",Yes,‚òê,‚òê,‚òê,‚òê,‚òê
Ponderosa Roofing,403-593-0668,Kelowna,"AB, Canada",Yes,‚òê,‚òê,‚òê,‚òê,‚òê
Premuim Roofing Inc,250-826-3311,Kelowna,"Kelowna, BC, Canada",Yes,‚òê,‚òê,‚òê,‚òê,‚òê
Rain Master Roofing,778-214-7067,Kelowna,"BC, Canada",Yes,‚òê,‚òê,‚òê,‚òê,‚òê
Raisanen Roofing Ltd,250-862-0584,Kelowna,"BC, Canada",Yes,‚òê,‚òê,‚òê,‚òê,‚òê
Reinco Roofing & Construction,250-469-4101,Kelowna,"3168 Via Centrale, Kelowna, BC, V1V 2R6, Canada",Yes,‚òê,‚òê,‚òê,‚òê,‚òê
Reind Co Roofing,250-212-8888,Kelowna,"2396 Charolais Rd, Kelowna, BC, V1Y 7Y8, Canada",Yes,‚òê,‚òê,‚òê,‚òê,‚òê
Robertson Roofing,250-718-5957,Kelowna,"2215 Gallagher Rd, Kelowna, BC, V1P 1G9, Canada",Yes,‚òê,‚òê,‚òê,‚òê,‚òê
Robin Hood Roofing,250-469-9391,Kelowna,"BC, Canada",Yes,‚òê,‚òê,‚òê,‚òê,‚òê
Roof Now,778-363-7663,Kelowna,"BC, Canada",Yes,‚òê,‚òê,‚òê,‚òê,‚òê
Sandher Roofing,250-863-3154,Kelowna,"BC, Canada",Yes,‚òê,‚òê,‚òê,‚òê,‚òê
Shaughnessy Marsh Roofing,250-317-9109,Kelowna,"2293 Woodlawn St, Kelowna, BC, V1Y 2T1, Canada",Yes,‚òê,‚òê,‚òê,‚òê,‚òê
Shinglecraft Roof Installations,250-215-8657,Kelowna,"150 Sumac Rd E, Kelowna, BC, V1X 4T7, Canada",Yes,‚òê,‚òê,‚òê,‚òê,‚òê
Shonwise Roofing,250-215-1931,Kelowna,"BC, Canada",Yes,‚òê,‚òê,‚òê,‚òê,‚òê
SideJobs Roofing,250-899-9859,Kelowna,"BC, Canada",Yes,‚òê,‚òê,‚òê,‚òê,‚òê
Skyline Roofing and Renos,778-754-1608,Kelowna,"Kelowna, BC, V1X 4K3, Canada",Yes,‚òê,‚òê,‚òê,‚òê,‚òê
Stark Roofing,778-583-6634,Kelowna,"Kelowna, BC, V1Z 3C5, Canada",Yes,‚òê,‚òê,‚òê,‚òê,‚òê
Storm Roofing,250-317-4862,Kelowna,"BC, Canada",Yes,‚òê,‚òê,‚òê,‚òê,‚òê
Strictly Roofing & Exteriors,250-801-3482,Kelowna,"207-2035 Baron Rd, Kelowna, BC, V1X 7G3, Canada",Yes,‚òê,‚òê,‚òê,‚òê,‚òê
Summerland roofing ltd,778-559-1845,Kelowna,"82-1929 HIGHWAY 97, KELOWNA BC, V1Z 2Z1, Canada",Yes,‚òê,‚òê,‚òê,‚òê,‚òê
Super Duper Roofing,613-661-7660,Kelowna,"201-1180 Sunset Dr, Kelowna, ON, Canada",Yes,‚òê,‚òê,‚òê,‚òê,‚òê
Ted's Quality Roofing,250-215-1322,Kelowna,"BC, Canada",Yes,‚òê,‚òê,‚òê,‚òê,‚òê
Torch on Specialist / Flat top Roofing,250-870-7545,Kelowna,"BC, Canada",Yes,‚òê,‚òê,‚òê,‚òê,‚òê
Unit Roofing & Exteriors,250-681-7525,Kelowna,"BC, Canada",Yes,‚òê,‚òê,‚òê,‚òê,‚òê
United Champion Shinglers,250-681-0329,Kelowna,"BC, Canada",Yes,‚òê,‚òê,‚òê,‚òê,‚òê
Vista Roofing,250-860-8832,Kelowna,"223-1889 Springfield Rd, Kelowna, BC, V1Y 5V5, Canada",Yes,‚òê,‚òê,‚òê,‚òê,‚òê
West Country Roofing Ltd,778-721-5553,Kelowna,"BC, Canada",Yes,‚òê,‚òê,‚òê,‚òê,‚òê
New Era Roofing Solutions,250-718-5719,Lake Country,"9730 Winview Rd, Lake Country, BC, V4V 1L6, Canada",Yes,‚òê,‚òê,‚òê,‚òê,‚òê
Affordable Roofing,604-332-1345,Langley,"Langley, BC, Canada",Yes,‚òê,‚òê,‚òê,‚òê,‚òê
Affordable Roofing Langley,604-330-9610,Langley,"Langley, BC, Canada",Yes,‚òê,‚òê,‚òê,‚òê,‚òê
Canadian Roof & Repair,604-723-8922,Langley,"20880 83 Ave, Langley, BC, V2Y 2C4, Canada",Yes,‚òê,‚òê,‚òê,‚òê,‚òê
Claynor Roofing Ltd,604-533-5456,Langley,"19640 28 Ave, Langley, BC, V2Z 1Y1, Canada",Yes,‚òê,‚òê,‚òê,‚òê,‚òê
Country Roofing,604-882-9214,Langley,"9214 216 St, Langley, BC, V1M 0A3, Canada",Yes,‚òê,‚òê,‚òê,‚òê,‚òê
Cutting Edge Roofing,604-835-7035,Langley,"26155 Telegraph Trail, Langley, BC, V4W 3M7, Canada",Yes,‚òê,‚òê,‚òê,‚òê,‚òê
Ken Fellowes Roofing,778-984-1256,Langley,"20546 Allard Cres, Langley, BC, V1M 3J8, Canada",Yes,‚òê,‚òê,‚òê,‚òê,‚òê
Langley Roofers,604-337-0578,Langley,"Langley Twp, BC, Canada",Yes,‚òê,‚òê,‚òê,‚òê,‚òê
MK Roofing,236-886-9005,Langley,"Langley, BC, V1M 1A7, Canada",Yes,‚òê,‚òê,‚òê,‚òê,‚òê
MTR Roofing,604-626-0033,Langley,"Langley, BC, V3A 4R2, Canada",Yes,‚òê,‚òê,‚òê,‚òê,‚òê
Mason & Sons Roofing,778-552-7194,Langley,"27191 88 Ave, Langley, BC, V1M 3L8, Canada",Yes,‚òê,‚òê,‚òê,‚òê,‚òê
Moder Roofing Solutions,778-232-4390,Langley,"7675 204 St, Langley, BC, V2Y 1W6, Canada",Yes,‚òê,‚òê,‚òê,‚òê,‚òê
One touch Damp Proofing Co,604-825-1390,Langley,"Langley, BC, Canada",Yes,‚òê,‚òê,‚òê,‚òê,‚òê
Rainforest Roofing Ltd,604-582-0409,Langley,"20445 62 Ave, Langley, BC, V3A 5E6, Canada",Yes,‚òê,‚òê,‚òê,‚òê,‚òê
Rainmaster Roofing Ltd,604-518-4530,Langley,"7276 209A St, Langley, BC, V2Y 2E4, Canada",Yes,‚òê,‚òê,‚òê,‚òê,‚òê
Roberts Roofing & Sheet Metal Ltd,604-588-4244,Langley,"5700 198 St, Langley, BC, V3A 7C7, Canada",Yes,‚òê,‚òê,‚òê,‚òê,‚òê
Royale Roofing,604-889-4112,Langley,"21393 64 Ave, Langley, BC, V2Y 1M4, Canada",Yes,‚òê,‚òê,‚òê,‚òê,‚òê
Sea To Sky Roofing and Cladding Ltd,778-835-2631,Langley,"5125 242 St, Langley, BC, V2Z 2M9, Canada",Yes,‚òê,‚òê,‚òê,‚òê,‚òê
Sharp Roofers Ltd,604-728-9111,Langley,"19739 71B Ave, Langley, BC, V2Y 3G8, Canada",Yes,‚òê,‚òê,‚òê,‚òê,‚òê
Storm Tech Roofing,604-505-3206,Langley,"Langley, BC, Canada",Yes,‚òê,‚òê,‚òê,‚òê,‚òê
835 Roof,604-462-9009,Maple Ridge,"26673 112 Ave, Maple Ridge, BC, V2W 1P7, Canada",Yes,‚òê,‚òê,‚òê,‚òê,‚òê
Above & Beyond Roofing,604-465-3894,Maple Ridge,"20739 113 Ave, Maple Ridge, BC, V2X 1E8, Canada",Yes,‚òê,‚òê,‚òê,‚òê,‚òê
Alpine Roofing Ltd,604-313-8029,Maple Ridge,"Maple Ridge, BC, Canada",Yes,‚òê,‚òê,‚òê,‚òê,‚òê
Bd&D Roofing And Disposal,604-518-6286,Maple Ridge,"11291 Harrison St, Maple Ridge, BC, V2X 9P6, Canada",Yes,‚òê,‚òê,‚òê,‚òê,‚òê
Bh Metal Ltd. Metal Roofing Supplier,778-251-3918,Maple Ridge,"23394 Fisherman Rd, Maple Ridge, BC, V2W 1B9, Canada",Yes,‚òê,‚òê,‚òê,‚òê,‚òê
Bulldog Roofing & Repair,604-618-4601,Maple Ridge,"11632 228 St, Maple Ridge, BC, V2X 6L6, Canada",Yes,‚òê,‚òê,‚òê,‚òê,‚òê
C & S Roofing,778-688-4152,Maple Ridge,"26150 124 Ave, Maple Ridge, BC, V2W 1C4, Canada",Yes,‚òê,‚òê,‚òê,‚òê,‚òê
"Fire Smart Roofing, Inc.",800-663-8301,Maple Ridge,"9414 288 St, Maple Ridge, BC, V2W 1L1, Canada",Yes,‚òê,‚òê,‚òê,‚òê,‚òê
Golden Ear Waterproofing,604-467-6065,Maple Ridge,"PO Box 84 Stn Del Ctr, Maple Ridge, BC, V2X 7E9, Canada",Yes,‚òê,‚òê,‚òê,‚òê,‚òê
Lion Roofing,604-375-7282,Maple Ridge,"Maple Ridge, BC, Canada",Yes,‚òê,‚òê,‚òê,‚òê,‚òê
MPG Roofing Ltd,604-462-1419,Maple Ridge,"25771 124 Ave, Maple Ridge, BC, V4R 1B8, Canada",Yes,‚òê,‚òê,‚òê,‚òê,‚òê
McMann & Sons Roofing & Contracting Ltd,604-816-6442,Maple Ridge,"21973 Cliff Ave, Maple Ridge, BC, V2X 2L3, Canada",Yes,‚òê,‚òê,‚òê,‚òê,‚òê
Particular Roof Services,604-783-5697,Maple Ridge,"20928 Cook Ave, Maple Ridge, BC, V2X 7P5, Canada",Yes,‚òê,‚òê,‚òê,‚òê,‚òê
Peak to Peak Roofing,778-809-7787,Maple Ridge,"11954 249th Street, Maple Ridge, BC, V4R 1Z4, Canada",Yes,‚òê,‚òê,‚òê,‚òê,‚òê
Residential Reroofing,604-572-9966,Maple Ridge,"11339 Dartford St, Maple Ridge, BC, V2X 1V5, Canada",Yes,‚òê,‚òê,‚òê,‚òê,‚òê
Roofing Eagle,604-467-6065,Maple Ridge,"11716 243 St, Maple Ridge, BC, V4R 1M1, Canada",Yes,‚òê,‚òê,‚òê,‚òê,‚òê
Superior Exterior,236-971-0200,Maple Ridge,"Maple Ridge, BC, Canada",Yes,‚òê,‚òê,‚òê,‚òê,‚òê
Techstorm Roofing,236-889-3240,Maple Ridge,"11564 Creekside St, Maple Ridge, BC, V2W 2B9, Canada",Yes,‚òê,‚òê,‚òê,‚òê,‚òê
Titanium Roofing,778-834-7663,Maple Ridge,"22530 123 Ave, Maple Ridge, BC, V2X 4E2, Canada",Yes,‚òê,‚òê,‚òê,‚òê,‚òê
Whonnock Roofing Ltd,604-512-7663,Maple Ridge,"5-20172 113b Ave, Maple Ridge, BC, V2X 0Y9, Canada",Yes,‚òê,‚òê,‚òê,‚òê,‚òê
Wood Roof,604-476-1579,Maple Ridge,"20941 Alpine Cres, Maple Ridge, BC, V4R 2N7, Canada",Yes,‚òê,‚òê,‚òê,‚òê,‚òê
AquaShield Exteriors,604-763-3201,Mission,"308-33333 12th Ave, Mission, BC, V2V 5W2, Canada",Yes,‚òê,‚òê,‚òê,‚òê,‚òê
Big Guns Roofing Ltd,604-349-8303,Mission,"1463 Mission Ridge Dr, Kelowna, BC, V1W 3B1, Canada",Yes,‚òê,‚òê,‚òê,‚òê,‚òê
Consolidated Roofing Services,604-820-8441,Mission,"9704 Doyle St, Mission, BC, V2V 7E3, Canada",Yes,‚òê,‚òê,‚òê,‚òê,‚òê
Razor Roof Services,778-878-1370,Mission,"33985 Mcphee Pl, Mission, BC, V2V 0E7, Canada",Yes,‚òê,‚òê,‚òê,‚òê,‚òê
Riverbend Roofing,604-217-7668,Mission,"34533 Ferguson Ave, Mission, BC, V2V 6P7, Canada",Yes,‚òê,‚òê,‚òê,‚òê,‚òê
Shieldwell Exterior Solutions,604-300-3787,Mission,"32414 Grebe Cres, Mission, BC, V2V 5C4, Canada",Yes,‚òê,‚òê,‚òê,‚òê,‚òê
A Rapid Response Roofing & Repair,604-527-0385,New Westminster,"728 Ewen Ave, New Westminster, BC, V3M 5C5, Canada",Yes,‚òê,‚òê,‚òê,‚òê,‚òê
Alec Marshall & Son Roofing Co,604-522-0543,New Westminster,"New Westminster, BC, Canada",Yes,‚òê,‚òê,‚òê,‚òê,‚òê
Aqua Waterproofing Inc,604-551-5774,New Westminster,"New Westminster, BC, Canada",Yes,‚òê,‚òê,‚òê,‚òê,‚òê
B & B Roofing Ltd,778-895-3543,New Westminster,"New Westminster, BC, V3L 4X8, Canada",Yes,‚òê,‚òê,‚òê,‚òê,‚òê
Brar Brothers Roofing,604-351-8642,New Westminster,"New Westminster, BC, Canada",Yes,‚òê,‚òê,‚òê,‚òê,‚òê
Empire Roofing,604-524-4028,New Westminster,"526 Kelly St, New Westminster, BC, V3L 3V2, Canada",Yes,‚òê,‚òê,‚òê,‚òê,‚òê
Gord Traviss Roofing,604-377-9404,New Westminster,"New Westminster, BC, V3L 4X8, Canada",Yes,‚òê,‚òê,‚òê,‚òê,‚òê
Jon Roofing,604-341-3166,New Westminster,"New Westminster, BC, V3L 4X8, Canada",Yes,‚òê,‚òê,‚òê,‚òê,‚òê
Jooya Roofing,604-518-6444,New Westminster,"New Westminster, BC, Canada",Yes,‚òê,‚òê,‚òê,‚òê,‚òê
Kaler Contracting & Roofing Ltd,604-521-6368,New Westminster,"2311 Ninth Ave, New Westminster, BC, V3M 3H4, Canada",Yes,‚òê,‚òê,‚òê,‚òê,‚òê
Kingsway Roofing And Masonry,604-376-4563,New Westminster,"225 Royal Ave, New Westminster, BC, V3L 1H5, Canada",Yes,‚òê,‚òê,‚òê,‚òê,‚òê
Mannheim Roofing,778-384-9880,New Westminster,"New Westminster, BC, Canada",Yes,‚òê,‚òê,‚òê,‚òê,‚òê
Monarch Roofing Services,778-789-0419,New Westminster,"209-1021 Fourth Ave, New Westminster, BC, V3M 1T3, Canada",Yes,‚òê,‚òê,‚òê,‚òê,‚òê
Ninja Roofing Ltd.,778-773-2716,New Westminster,"1304 Ewen Ave, New Westminster, BC, V3M 5E7, Canada",Yes,‚òê,‚òê,‚òê,‚òê,‚òê
R Roofing Ltd,778-859-1459,New Westminster,"New Westminster, BC, V3L 4X8, Canada",Yes,‚òê,‚òê,‚òê,‚òê,‚òê
Reliance Roofing Inc,778-861-1963,New Westminster,"New Westminster, BC, Canada",Yes,‚òê,‚òê,‚òê,‚òê,‚òê
Two Lions Painting & Roofing Owned by Ramses Romero,604-544-0599,New Westminster,"New Westminster, BC, V3L 4X8, Canada",Yes,‚òê,‚òê,‚òê,‚òê,‚òê
Vikash Roofing,778-384-1677,New Westminster,"New Westminster, BC, Canada",Yes,‚òê,‚òê,‚òê,‚òê,‚òê
Your Friendly Neighbourhood Roofer,604-617-4563,New Westminster,"New Westminster, BC, Canada",Yes,‚òê,‚òê,‚òê,‚òê,‚òê
Yungwirth Roofing Services,604-306-5826,New Westminster,"New Westminster, BC, V3L 4X8, Canada",Yes,‚òê,‚òê,‚òê,‚òê,‚òê
A.L Roofing Services,778-897-0283,North Vancouver,"622 2Nd St E, North Vancouver, BC, V7L 1E3, Canada",Yes,‚òê,‚òê,‚òê,‚òê,‚òê
Accent Power Wash & Gutters,604-346-8191,North Vancouver,"PO Box 30045 Rpo Parkgate Vlg, North Vancouver, BC, V7H 2Y8, Canada",Yes,‚òê,‚òê,‚òê,‚òê,‚òê
Affordable Roofing Ltd,604-984-9004,North Vancouver,"212-2411 Dollarton Hwy, North Vancouver, BC, V7H 0A3, Canada",Yes,‚òê,‚òê,‚òê,‚òê,‚òê
Big Dog Roofing,778-229-5961,North Vancouver,"313 5Th St W, North Vancouver, BC, V7M 1J1, Canada",Yes,‚òê,‚òê,‚òê,‚òê,‚òê
Bramwell Roofing Inc,604-729-5979,North Vancouver,"402 Keith Rd E, North Vancouver, BC, V7L 1V9, Canada",Yes,‚òê,‚òê,‚òê,‚òê,‚òê
Classic Roofing & Waterproofing Ltd,604-761-7854,North Vancouver,"1076 Sutherland Ave, North Vancouver, BC, V7L 4A7, Canada",Yes,‚òê,‚òê,‚òê,‚òê,‚òê
Coastal Alpine Roofing & Drainage,604-987-1789,North Vancouver,"Po Box 38664 Rpo Metropolitan, North Vancouver, BC, V7M 3N1, Canada",Yes,‚òê,‚òê,‚òê,‚òê,‚òê
JMT Roofing & Gutters,604-960-1363,North Vancouver,"431 1St St W, Rcf, North Vancouver, BC, V7M 1C1, Canada",Yes,‚òê,‚òê,‚òê,‚òê,‚òê
Jg Wells Roofing & Construction,778-222-2839,North Vancouver,"1102-1124 Lonsdale Ave, North Vancouver, BC, V7M 2H1, Canada",Yes,‚òê,‚òê,‚òê,‚òê,‚òê
Lions Gate Roofing & Drainage Ltd,604-722-1105,North Vancouver,"890 Browning Pl, North Vancouver, BC, V7H 1X1, Canada",Yes,‚òê,‚òê,‚òê,‚òê,‚òê
North Vancouver Roofing & Contracting,778-654-2496,North Vancouver,"215 Keith Rd W, North Vancouver, BC, V7M 1L7, Canada",Yes,‚òê,‚òê,‚òê,‚òê,‚òê
Park Royal Roofing & Drainage,604-901-2262,North Vancouver,"878 Browning Pl, North Vancouver, BC, V7H 1X1, Canada",Yes,‚òê,‚òê,‚òê,‚òê,‚òê
R & C Roofing,604-980-2849,North Vancouver,"318 13Th St E, North Vancouver, BC, V7L 2L9, Canada",Yes,‚òê,‚òê,‚òê,‚òê,‚òê
Ravik Roof Coating,778-239-1750,North Vancouver,"607 6th Street E, North Vancouver, BC, V7L 1R4, Canada",Yes,‚òê,‚òê,‚òê,‚òê,‚òê
Roof Master,604-833-8515,North Vancouver,"211 Balmoral Rd W, North Vancouver, BC, V7N 2T6, Canada",Yes,‚òê,‚òê,‚òê,‚òê,‚òê
Seymour Roofing,604-825-8766,North Vancouver,"890 Browning Pl, North Vancouver, BC, V7H 1X1, Canada",Yes,‚òê,‚òê,‚òê,‚òê,‚òê
Super Roofer,604-265-0699,North Vancouver,"North Vancouver, BC, V7L 4J4, Canada",Yes,‚òê,‚òê,‚òê,‚òê,‚òê
Nash Roofing,403-808-7697,Peachland,"4795 Paradise Valley Dr, Peachland, BC, V0H 1X3, Canada",Yes,‚òê,‚òê,‚òê,‚òê,‚òê
Acutek Roofing Ltd,250-809-6327,Penticton,"64 Upper Bench Rd S, Penticton, BC, V2A 8T1, Canada",Yes,‚òê,‚òê,‚òê,‚òê,‚òê
Billy Goat Roofing,778-531-4141,Penticton,"Penticton, BC, Canada",Yes,‚òê,‚òê,‚òê,‚òê,‚òê
Castillo Roofing Services,250-487-0074,Penticton,"447 Maurice St, Penticton, BC, V2A 5V8, Canada",Yes,‚òê,‚òê,‚òê,‚òê,‚òê
Dan Hock Roofing,250-486-6038,Penticton,"Penticton, BC, Canada",Yes,‚òê,‚òê,‚òê,‚òê,‚òê
David's Roofing,250-328-5721,Penticton,"16-2773 South Main St, Penticton, BC, V2A 7G2, Canada",Yes,‚òê,‚òê,‚òê,‚òê,‚òê
Gutter Done Right,250-486-8642,Penticton,"578 Edmonton Ave, Penticton, BC, V2A 2H2, Canada",Yes,‚òê,‚òê,‚òê,‚òê,‚òê
KW Exteriors,250-488-2924,Penticton,"163 McPherson Crescent, Penticton, BC, V2A 2N9, Canada",Yes,‚òê,‚òê,‚òê,‚òê,‚òê
Penticton Rooftops,250-809-8885,Penticton,"Penticton, BC, Canada",Yes,‚òê,‚òê,‚òê,‚òê,‚òê
Reddings Roofing,250-488-8615,Penticton,"BC, Canada",Yes,‚òê,‚òê,‚òê,‚òê,‚òê
Seal Tight Roofing,250-494-2542,Penticton,"BC, Canada",Yes,‚òê,‚òê,‚òê,‚òê,‚òê
Selles Roofing,250-486-8118,Penticton,"BC, Canada",Yes,‚òê,‚òê,‚òê,‚òê,‚òê
Sun City Exteriors,250-328-9886,Penticton,"BC, Canada",Yes,‚òê,‚òê,‚òê,‚òê,‚òê
Upfront Roofing Services,250-486-2155,Penticton,"Penticton, BC, Canada",Yes,‚òê,‚òê,‚òê,‚òê,‚òê
Wilkison Roofing,250-492-3050,Penticton,"1198 Moosejaw St, Penticton, BC, V2A 5T9, Canada",Yes,‚òê,‚òê,‚òê,‚òê,‚òê
Coquitlam Roofing Repairs,604-460-0702,Pitt Meadows,"12250 194A St, Pitt Meadows, BC, V3Y 2M9, Canada",Yes,‚òê,‚òê,‚òê,‚òê,‚òê
Extreme Weather Roofing Ltd.,604-760-9929,Pitt Meadows,"19045 117B Ave, Pitt Meadows, BC, V3Y 1Y2, Canada",Yes,‚òê,‚òê,‚òê,‚òê,‚òê
Rk Roofing Ltd.,604-720-9841,Pitt Meadows,"201-12465 Harris Rd, Pitt Meadows, BC, V3Y 2J5, Canada",Yes,‚òê,‚òê,‚òê,‚òê,‚òê
Roofroc Canada Corp.,604-465-5177,Pitt Meadows,"Pitt Meadows, BC, Canada",Yes,‚òê,‚òê,‚òê,‚òê,‚òê
All City Roofing,250-682-6347,Port Coquitlam,"1362 Dominion Ave, Port Coquitlam, BC, V3B 8G7, Canada",Yes,‚òê,‚òê,‚òê,‚òê,‚òê
All Star Roofing,604-522-3100,Port Coquitlam,"590 Dominion Ave, Port Coquitlam, BC, V3E 3G7, Canada",Yes,‚òê,‚òê,‚òê,‚òê,‚òê
Douglas & Son's Roofing,778-997-7663,Port Coquitlam,"4080 Coast Meridian Rd, Port Coquitlam, BC, V3B 3P4, Canada",Yes,‚òê,‚òê,‚òê,‚òê,‚òê
Leblanc Roofing,604-345-2047,Port Coquitlam,"1956 Western Dr, Port Coquitlam, BC, V3C 4H4, Canada",Yes,‚òê,‚òê,‚òê,‚òê,‚òê
Legacy Roofing Co,604-468-7001,Port Coquitlam,"18-3200 Westwood St, Port Coquitlam, BC, V3C 6C7, Canada",Yes,‚òê,‚òê,‚òê,‚òê,‚òê
M C C Roofing Ltd,604-464-4295,Port Coquitlam,"1351 Eastern Dr, Port Coquitlam, BC, V3C 2S2, Canada",Yes,‚òê,‚òê,‚òê,‚òê,‚òê
Quantum Roofing,604-313-3825,Port Coquitlam,"1782-1180 Kingsway Ave, Port Coquitlam, BC, V3C 6N7, Canada",Yes,‚òê,‚òê,‚òê,‚òê,‚òê
Riverside Shingles,604-641-9021,Port Coquitlam,"750 Kingsway Ave, Port Coquitlam, BC, V3C 6K1, Canada",Yes,‚òê,‚òê,‚òê,‚òê,‚òê
Rock Roofing & Water Proofing,604-944-9413,Port Coquitlam,"7-2260 Tyner St, Port Coquitlam, BC, V3C 2Z1, Canada",Yes,‚òê,‚òê,‚òê,‚òê,‚òê
Up N Up Roofing,604-721-9875,Port Coquitlam,"6-2378 Rindall Ave, Port Coquitlam, BC, V3C 1V2, Canada",Yes,‚òê,‚òê,‚òê,‚òê,‚òê
White Mountain Roofing,778-870-1291,Port Coquitlam,"Port Coquitlam, BC, V3C 3V3, Canada",Yes,‚òê,‚òê,‚òê,‚òê,‚òê
Aesthetic Roofing,778-558-5542,Port Moody,"407-552 Clarke road, V3J 0A3, Canada",Yes,‚òê,‚òê,‚òê,‚òê,‚òê
Formosa Roofing And Waterproof Company,778-388-8561,Port Moody,"2721 Henry St, Port Moody, BC, V3H 2J8, Canada",Yes,‚òê,‚òê,‚òê,‚òê,‚òê
Markwart Roofing Repair Ltd,604-469-4019,Port Moody,"5-311 Afton Lane, Port Moody, BC, V3H 3V8, Canada",Yes,‚òê,‚òê,‚òê,‚òê,‚òê
Moody Roofing & Repairs,604-690-2079,Port Moody,"3357 Viewmount Place, Port Moody, BC, V3H 2L6, Canada",Yes,‚òê,‚òê,‚òê,‚òê,‚òê
Mountview Roofing Ltd.,604-720-9902,Port Moody,"220 Brew St, Port Moody, BC, V3H 0H6, Canada",Yes,‚òê,‚òê,‚òê,‚òê,‚òê
Olmani Roofing & Drainage,778-217-0100,Port Moody,"Port Moody, BC, Canada",Yes,‚òê,‚òê,‚òê,‚òê,‚òê
Rebel Roofing BC,778-598-3210,Port Moody,"1322 Paula Pl, V3C 2W2, Canada",Yes,‚òê,‚òê,‚òê,‚òê,‚òê
The Roof Doctor,416-884-6804,Port Moody,"211-3030 Lincoln Ave, ON, Canada",Yes,‚òê,‚òê,‚òê,‚òê,‚òê
A1 Storme Roofing,587-521-1019,Richmond,"BC, Canada",Yes,‚òê,‚òê,‚òê,‚òê,‚òê
Army Roofing,778-686-7663,Richmond,"BC, Canada",Yes,‚òê,‚òê,‚òê,‚òê,‚òê
D M S Roofing,604-277-6657,Richmond,"10371 Seaham Cres, Richmond, BC, V7A 3Y4, Canada",Yes,‚òê,‚òê,‚òê,‚òê,‚òê
David's Roofing & Chimney,604-258-2212,Richmond,"BC, Canada",Yes,‚òê,‚òê,‚òê,‚òê,‚òê
Five Star Roofing,778-998-7505,Richmond,"BC, Canada",Yes,‚òê,‚òê,‚òê,‚òê,‚òê
Grabc Roofing,778-877-7000,Richmond,"7420 Ash St, Richmond, BC, V6Y 2S1, Canada",Yes,‚òê,‚òê,‚òê,‚òê,‚òê
Mc Beth Roofing Richmond,604-359-5107,Richmond,"8160 Park Rd, Richmond, BC, V6Y 1T1, Canada",Yes,‚òê,‚òê,‚òê,‚òê,‚òê
Pacific Coast Roof & Chimney,604-241-2320,Richmond,"6331 Sidaway Rd, Richmond, BC, V6W 1B7, Canada",Yes,‚òê,‚òê,‚òê,‚òê,‚òê
Roy Dennis Roofing,604-278-0442,Richmond,"2420 Viscount Way, Richmond, British Columbia, V6V 1N1, Canada",Yes,‚òê,‚òê,‚òê,‚òê,‚òê
Signature 8 Roofing Ltd,604-241-1966,Richmond,"9360 Arvida Dr, Richmond, BC, V7A 3P4, Canada",Yes,‚òê,‚òê,‚òê,‚òê,‚òê
Steveston Roofing,778-712-4263,Richmond,"BC, Canada",Yes,‚òê,‚òê,‚òê,‚òê,‚òê
Tough Gutters,778-522-8881,Richmond,"6551 No. 3 Rd, Richmond, BC, V6Y 2B6, Canada",Yes,‚òê,‚òê,‚òê,‚òê,‚òê
Tough Roofing Richmond,604-210-3440,Richmond,"56-5380 Smith Dr, (Suite A), Richmond, BC, V6V 2K8, Canada",Yes,‚òê,‚òê,‚òê,‚òê,‚òê
Valhalla Roofing Ltd,778-895-2503,Richmond,"2171 Wellington Cres, Richmond, BC, V7B 1G9, Canada",Yes,‚òê,‚òê,‚òê,‚òê,‚òê
Awe Ya Roofing And Restorations,604-848-5481,Squamish,"38275 Hemlock Ave, Squamish, BC, V8B 0X1, Canada",Yes,‚òê,‚òê,‚òê,‚òê,‚òê
Hi-Land Roofing & Cladding,604-892-8770,Squamish,"PO Box 1444 Stn Main, Squamish, BC, V8B 0A9, Canada",Yes,‚òê,‚òê,‚òê,‚òê,‚òê
Tmt Roofing,604-849-3437,Squamish,"Squamish, BC, Canada",Yes,‚òê,‚òê,‚òê,‚òê,‚òê
S I S Roofing,250-460-0792,Summerland,"8729 Pollock Terr, Summerland, BC, V0H 1Z2, Canada",Yes,‚òê,‚òê,‚òê,‚òê,‚òê
Shane's Roofing,250-328-4637,Summerland,"summerland, BC, V0H 1Z3, Canada",Yes,‚òê,‚òê,‚òê,‚òê,‚òê
Twelve-Twelve Roofing Solutions,778-516-0727,Summerland,"Summerland, BC, V0H 1Z0, Canada",Yes,‚òê,‚òê,‚òê,‚òê,‚òê
4Th Degree Roofing Ltd,604-671-1463,Surrey,"63-11267 133 St, Surrey, BC, V3R 0E3, Canada",Yes,‚òê,‚òê,‚òê,‚òê,‚òê
7 Star Roofing Ltd,604-445-7799,Surrey,"13074 Balloch Dr, Surrey, BC, V3V 6Y3, Canada",Yes,‚òê,‚òê,‚òê,‚òê,‚òê
A & V Roofing Ltd,778-952-4860,Surrey,"10853 155A St, Surrey, BC, V3R 0H7, Canada",Yes,‚òê,‚òê,‚òê,‚òê,‚òê
A Great Northwest Siding & Roofing,604-584-3304,Surrey,"201-14727 108 Ave, Surrey, BC, V3R 1V9, Canada",Yes,‚òê,‚òê,‚òê,‚òê,‚òê
A Hercules Roofing Ltd,604-543-4695,Surrey,"BC, Canada",Yes,‚òê,‚òê,‚òê,‚òê,‚òê
A M A Roofing,604-230-0640,Surrey,"11696 97 Ave, Surrey, BC, V3V 2B8, Canada",Yes,‚òê,‚òê,‚òê,‚òê,‚òê
A to Z Roofing,778-896-6479,Surrey,"12985 Glengarry Cres, Surrey, BC, V3V 1S9, Canada",Yes,‚òê,‚òê,‚òê,‚òê,‚òê
A-Tech Roofing & Repairs,604-951-8896,Surrey,"9266 148 St, Surrey, BC, V3R 3W8, Canada",Yes,‚òê,‚òê,‚òê,‚òê,‚òê
A2Z Roofing Ltd,604-218-0838,Surrey,"9906 132A St, Surrey, BC, V3T 5E9, Canada",Yes,‚òê,‚òê,‚òê,‚òê,‚òê
ABC Roofing,604-572-4232,Surrey,"BC, Canada",Yes,‚òê,‚òê,‚òê,‚òê,‚òê
Aaa Roofing Ltd,604-825-8101,Surrey,"BC, Canada",Yes,‚òê,‚òê,‚òê,‚òê,‚òê
Abby Roofing,778-241-5237,Surrey,"BC, Canada",Yes,‚òê,‚òê,‚òê,‚òê,‚òê
Aberdeen Roofing,778-968-7100,Surrey,"14715 108A Ave, Surrey, BC, V3R 1W7, Canada",Yes,‚òê,‚òê,‚òê,‚òê,‚òê
Active Roofing Ltd,604-765-0903,Surrey,"111-6030 142 St, Surrey, BC, V3X 0J5, Canada",Yes,‚òê,‚òê,‚òê,‚òê,‚òê
Akay Roofing Ltd,778-788-0420,Surrey,"7348 140 St, Surrey, BC, V3W 5J7, Canada",Yes,‚òê,‚òê,‚òê,‚òê,‚òê
All World 1419 Roofing Ltd.,778-868-7475,Surrey,"7550 123A St, Surrey, BC, V3W 9P6, Canada",Yes,‚òê,‚òê,‚òê,‚òê,‚òê
Apex Roof Maintenance And Repairs,778-552-1462,Surrey,"2333 152A St, Surrey, BC, V4A 4P9, Canada",Yes,‚òê,‚òê,‚òê,‚òê,‚òê
Aurora Roofing Lm,604-259-3922,Surrey,"19427 92 Ave, Surrey, BC, V4N 4G6, Canada",Yes,‚òê,‚òê,‚òê,‚òê,‚òê
Avejay Roofing Ltd,778-997-1722,Surrey,"10945 148 St, Surrey, BC, V3R 3Y5, Canada",Yes,‚òê,‚òê,‚òê,‚òê,‚òê
Azores Sheet Metal Roofing & Waterproofing,604-581-4291,Surrey,"BC, Canada",Yes,‚òê,‚òê,‚òê,‚òê,‚òê
B&B Duroid Roofing,604-603-2527,Surrey,"BC, Canada",Yes,‚òê,‚òê,‚òê,‚òê,‚òê
B's Roofing & Services,604-418-3802,Surrey,"BC, Canada",Yes,‚òê,‚òê,‚òê,‚òê,‚òê
BC Roofing Brokers,604-722-0002,Surrey,"BC, Canada",Yes,‚òê,‚òê,‚òê,‚òê,‚òê
Baaz Roofing Ltd,604-704-2336,Surrey,"BC, Canada",Yes,‚òê,‚òê,‚òê,‚òê,‚òê
Bains Roofing Ltd,604-771-0659,Surrey,"8041 138 St, Surrey, BC, V3W 8M3, Canada",Yes,‚òê,‚òê,‚òê,‚òê,‚òê
Bayside Roofing Contractors,778-545-1119,Surrey,"16495 Upper Beach Rd, Surrey, BC, V3Z 9R6, Canada",Yes,‚òê,‚òê,‚òê,‚òê,‚òê
"Bcp Concrete Roof Tile, Ulc",604-596-3744,Surrey,"8650 130 St, Surrey, BC, V3W 1G1, Canada",Yes,‚òê,‚òê,‚òê,‚òê,‚òê
Best Busy Boys Roofing,604-418-5500,Surrey,"3418 164A St, Surrey, BC, V3Z 0G5, Canada",Yes,‚òê,‚òê,‚òê,‚òê,‚òê
Best Friends Roofing,604-537-3507,Surrey,"BC, Canada",Yes,‚òê,‚òê,‚òê,‚òê,‚òê
Best Friends Roofing Ltd,604-825-8811,Surrey,"6958 130 St, Surrey, BC, V3W 4J5, Canada",Yes,‚òê,‚òê,‚òê,‚òê,‚òê
Blue Star Roofing Ltd,604-572-6585,Surrey,"14427 68 Ave, Surrey, BC, V3S 2A8, Canada",Yes,‚òê,‚òê,‚òê,‚òê,‚òê
BlueStar Roofing,604-807-8244,Surrey,"14770 64 Ave, Surrey, BC, V3S 1X7, Canada",Yes,‚òê,‚òê,‚òê,‚òê,‚òê
Blueline Sheet Metal,778-322-0780,Surrey,"6-12312 82A Ave, Surrey, BC, V3W 0T7, Canada",Yes,‚òê,‚òê,‚òê,‚òê,‚òê
Brar Bro's Roofing,604-594-0872,Surrey,"Surrey, BC, Canada",Yes,‚òê,‚òê,‚òê,‚òê,‚òê
Brucost Roofing Ltd,604-355-7473,Surrey,"417-13438 Central Ave, Surrey, BC, V3T 0N2, Canada",Yes,‚òê,‚òê,‚òê,‚òê,‚òê
Busy Boy's Roofing Ltd,604-341-7699,Surrey,"12488 79A Ave, Surrey, BC, V3W 8C5, Canada",Yes,‚òê,‚òê,‚òê,‚òê,‚òê
C & B Rebar Damp Proofing,604-767-5139,Surrey,"BC, Canada",Yes,‚òê,‚òê,‚òê,‚òê,‚òê
CF Roofing,778-237-0352,Surrey,"BC, Canada",Yes,‚òê,‚òê,‚òê,‚òê,‚òê
CJA Roofing,604-496-6252,Surrey,"10892 148 St, Surrey, BC, V3R 3Y4, Canada",Yes,‚òê,‚òê,‚òê,‚òê,‚òê
CTS Roofing,778-987-0949,Surrey,"BC, Canada",Yes,‚òê,‚òê,‚òê,‚òê,‚òê
Canadian Star Roofing,604-617-1574,Surrey,"14066 71A Ave, Surrey, BC, V3W 2L6, Canada",Yes,‚òê,‚òê,‚òê,‚òê,‚òê
Canam Roofing Ltd,778-881-1417,Surrey,"BC, Canada",Yes,‚òê,‚òê,‚òê,‚òê,‚òê
Carlson Roofing Systems ltd,604-341-9959,Surrey,"12317 92A ave, BC, V3V 7A8, Canada",Yes,‚òê,‚òê,‚òê,‚òê,‚òê
Chovies Roofing & Roof Maintenance,604-372-1003,Surrey,"BC, Canada",Yes,‚òê,‚òê,‚òê,‚òê,‚òê
Cloverdale Roofing,778-770-4612,Surrey,"17987 56A Ave, Surrey, BC, V3S 5H4, Canada",Yes,‚òê,‚òê,‚òê,‚òê,‚òê
Columbia Tile Roofing 2004 Ltd.,604-657-8494,Surrey,"8147 123 St, Surrey, BC, V3W 3V5, Canada",Yes,‚òê,‚òê,‚òê,‚òê,‚òê
Crusade Roofing,604-715-5184,Surrey,"8763 August Dr, Surrey, BC, V3S 5A4, Canada",Yes,‚òê,‚òê,‚òê,‚òê,‚òê
Cyclone Roofing Ltd,604-767-5828,Surrey,"BC, Canada",Yes,‚òê,‚òê,‚òê,‚òê,‚òê
Daniel Roofing Ltd,604-720-3958,Surrey,"16427 Glenside Pl, Surrey, BC, V4N 1V6, Canada",Yes,‚òê,‚òê,‚òê,‚òê,‚òê
Daniel Roofing Restoration Ltd,604-930-3450,Surrey,"BC, Canada",Yes,‚òê,‚òê,‚òê,‚òê,‚òê
Delaney's Roofing & General Contracting,604-771-7420,Surrey,"16352 96 Ave, Surrey, BC, V4N 2C1, Canada",Yes,‚òê,‚òê,‚òê,‚òê,‚òê
Designer Roofing,778-869-5187,Surrey,"19125 60 Ave, Surrey, BC, V3S 8A1, Canada",Yes,‚òê,‚òê,‚òê,‚òê,‚òê
Dhami Roofing,604-329-9498,Surrey,"5548 184A St, Surrey, BC, V3S 8S1, Canada",Yes,‚òê,‚òê,‚òê,‚òê,‚òê
Eastwest Roofing Ltd,778-251-2336,Surrey,"15036 88 Ave, Surrey, BC, V3S 2S7, Canada",Yes,‚òê,‚òê,‚òê,‚òê,‚òê
Elite Steam Cleaning & Roofing Services,604-404-6051,Surrey,"BC, Canada",Yes,‚òê,‚òê,‚òê,‚òê,‚òê
Eros Roofing And Maintenance,778-320-5472,Surrey,"2202-10620 150 St, Surrey, BC, V3R 7K3, Canada",Yes,‚òê,‚òê,‚òê,‚òê,‚òê
Eternal Roofing Ltd,778-387-6629,Surrey,"6646-125B Street, Surrey, BC, V3W 1V6, Canada",Yes,‚òê,‚òê,‚òê,‚òê,‚òê
Euro Roofing,604-722-6411,Surrey,"7714 144 St, Surrey, BC, V3W 5S8, Canada",Yes,‚òê,‚òê,‚òê,‚òê,‚òê
Evergreen Roofing & Siding,778-990-4555,Surrey,"6988 151A St, Surrey, BC, V3S 7Y9, Canada",Yes,‚òê,‚òê,‚òê,‚òê,‚òê
Excel Roofing Ltd,778-878-2617,Surrey,"6831 124 St, Surrey, BC, V3W 3W6, Canada",Yes,‚òê,‚òê,‚òê,‚òê,‚òê
Expert Roofing Ltd,604-315-4041,Surrey,"5536 127 St, Surrey, BC, V3X 3V1, Canada",Yes,‚òê,‚òê,‚òê,‚òê,‚òê
Fast Roofing,604-778-7633,Surrey,"17101 80 Ave, Surrey, BC, V4N 6J6, Canada",Yes,‚òê,‚òê,‚òê,‚òê,‚òê
First Choice Roofing Ltd,604-543-3759,Surrey,"BC, Canada",Yes,‚òê,‚òê,‚òê,‚òê,‚òê
Flawless Roofing Ltd,778-322-5959,Surrey,"10122 128A St, Surrey, BC, V3T 3E6, Canada",Yes,‚òê,‚òê,‚òê,‚òê,‚òê
Freshlook Roof & Exteriors,778-322-8969,Surrey,"16575 Old McLellan Rd, Surrey, BC, V3S 1J9, Canada",Yes,‚òê,‚òê,‚òê,‚òê,‚òê
Friendly Roofing,604-498-0606,Surrey,"BC, Canada",Yes,‚òê,‚òê,‚òê,‚òê,‚òê
Gentry Exteriors,604-533-7662,Surrey,"BC, Canada",Yes,‚òê,‚òê,‚òê,‚òê,‚òê
Godard Roof Repair Service,604-859-5838,Surrey,"BC, Canada",Yes,‚òê,‚òê,‚òê,‚òê,‚òê
Gold Roofing,604-589-3978,Surrey,"9281 127 St, Surrey, BC, V3V 5H4, Canada",Yes,‚òê,‚òê,‚òê,‚òê,‚òê
Gold Standard Roofing,604-945-2484,Surrey,"BC, Canada",Yes,‚òê,‚òê,‚òê,‚òê,‚òê
Golden Nail Roofing Ltd.,604-644-7952,Surrey,"6371 190 St, Surrey, BC, V3S 7W1, Canada",Yes,‚òê,‚òê,‚òê,‚òê,‚òê
Gyenes Roofing,778-987-3764,Surrey,"10688 King George Blvd, Surrey, BC, V3T 2Y0, Canada",Yes,‚òê,‚òê,‚òê,‚òê,‚òê
H & D Roofing Ltd,604-825-4502,Surrey,"BC, Canada",Yes,‚òê,‚òê,‚òê,‚òê,‚òê
Home Life Roofing Ltd,604-445-9978,Surrey,"12521 90A Ave, Surrey, BC, V3V 1C5, Canada",Yes,‚òê,‚òê,‚òê,‚òê,‚òê
Hybrid Roofing & Exterior Solutions,778-513-2777,Surrey,"Surrey, BC, Canada",Yes,‚òê,‚òê,‚òê,‚òê,‚òê
I M G Roofing Ltd,604-591-6479,Surrey,"BC, Canada",Yes,‚òê,‚òê,‚òê,‚òê,‚òê
Ideal Roofing Ltd,778-320-0500,Surrey,"12887 68th Avenue, Surrey, BC, V3W 7M1, Canada",Yes,‚òê,‚òê,‚òê,‚òê,‚òê
Independent Roofing Ltd,778-551-2130,Surrey,"BC, Canada",Yes,‚òê,‚òê,‚òê,‚òê,‚òê
Iron Cross Roofing,604-760-8425,Surrey,"12763 88 Ave, Surrey, BC, V3W 3J8, Canada",Yes,‚òê,‚òê,‚òê,‚òê,‚òê
J Canadian Roofing,778-681-1571,Surrey,"6368 133B St, Surrey, BC, V3X 1L5, Canada",Yes,‚òê,‚òê,‚òê,‚òê,‚òê
JC Roofing Ltd,604-365-9265,Surrey,"25-10051 155 St, Surrey, BC, V3R 0S1, Canada",Yes,‚òê,‚òê,‚òê,‚òê,‚òê
JGR Roofing & Disposal Ltd,604-581-7601,Surrey,"BC, Canada",Yes,‚òê,‚òê,‚òê,‚òê,‚òê
Janda Roofing,778-552-2026,Surrey,"9224 126A St, Surrey, BC, V3V 5G2, Canada",Yes,‚òê,‚òê,‚òê,‚òê,‚òê
K&K Roofing Ltd,778-319-3374,Surrey,"9135 139 St, Surrey, BC, V3V 5X5, Canada",Yes,‚òê,‚òê,‚òê,‚òê,‚òê
KS Roofing,604-825-7812,Surrey,"BC, Canada",Yes,‚òê,‚òê,‚òê,‚òê,‚òê
Kahlon Roofing,604-721-7945,Surrey,"BC, Canada",Yes,‚òê,‚òê,‚òê,‚òê,‚òê
Kaler Roofing Ltd,604-597-2132,Surrey,"7479 144A St, Surrey, BC, V3S 0S3, Canada",Yes,‚òê,‚òê,‚òê,‚òê,‚òê
Kang Roofing Ltd,604-446-4613,Surrey,"14305 91 Ave, Surrey, BC, V3V 7T7, Canada",Yes,‚òê,‚òê,‚òê,‚òê,‚òê
Kelowna roofer,604-537-7999,Surrey,"BC, Canada",Yes,‚òê,‚òê,‚òê,‚òê,‚òê
Kinnereth Roofing Company,778-317-9040,Surrey,"11897 97 Ave, Surrey, BC, V3V 2C4, Canada",Yes,‚òê,‚òê,‚òê,‚òê,‚òê
Landmark Roofing,604-888-9451,Surrey,"BC, Canada",Yes,‚òê,‚òê,‚òê,‚òê,‚òê
Lavang Roofing Ltd,778-997-3467,Surrey,"13075 88 Ave, Surrey, BC, V3W 3K4, Canada",Yes,‚òê,‚òê,‚òê,‚òê,‚òê
Lehal Damp Proofing Limited,604-512-7692,Surrey,"15678 82 Ave, Surrey, BC, V4N 0R8, Canada",Yes,‚òê,‚òê,‚òê,‚òê,‚òê
Lfs Roofing Ltd.,604-996-0231,Surrey,"13430 91 Ave, Surrey, BC, V3V 1E5, Canada",Yes,‚òê,‚òê,‚òê,‚òê,‚òê
Lions Art Roofing,236-558-7669,Surrey,"6927 143 St, Surrey, BC, V3W 5N9, Canada",Yes,‚òê,‚òê,‚òê,‚òê,‚òê
Low Cost Roofing Ltd,604-618-5549,Surrey,"14268 70A Ave, Surrey, BC, V3W 0S8, Canada",Yes,‚òê,‚òê,‚òê,‚òê,‚òê
Lower Mainland Roof Inspection & Consulting Ltd,778-654-6875,Surrey,"12077 59 Ave, Surrey, BC, V3X 3L3, Canada",Yes,‚òê,‚òê,‚òê,‚òê,‚òê
M N Roofing Ltd,778-709-5132,Surrey,"13449 87B Ave, Surrey, BC, V3W 6G7, Canada",Yes,‚òê,‚òê,‚òê,‚òê,‚òê
M.D. Roofing Ltd,778-838-3767,Surrey,"7295 145A St, Surrey, BC, V3S 2Y8, Canada",Yes,‚òê,‚òê,‚òê,‚òê,‚òê
MK Roofing Ltd,604-512-5167,Surrey,"9544 125 St, Surrey, BC, V3V 4X7, Canada",Yes,‚òê,‚òê,‚òê,‚òê,‚òê
Ma Roofing Limited,236-880-3545,Surrey,"12290 72A Ave, Surrey, BC, V3W 9J5, Canada",Yes,‚òê,‚òê,‚òê,‚òê,‚òê
Maple Roofing Ltd,604-721-8153,Surrey,"12875 93 Ave, Surrey, BC, V3V 6B6, Canada",Yes,‚òê,‚òê,‚òê,‚òê,‚òê
Mattu Roofing,604-572-3015,Surrey,"BC, Canada",Yes,‚òê,‚òê,‚òê,‚òê,‚òê
Maure Roofing,604-596-9881,Surrey,"Newton, MB, R0H 0Y0, Canada",Yes,‚òê,‚òê,‚òê,‚òê,‚òê
Mc Roofing Ltd.,604-500-8536,Surrey,"2538 148 St, Surrey, BC, V4P 1N5, Canada",Yes,‚òê,‚òê,‚òê,‚òê,‚òê
Mejia Roofing Maintenance,778-394-2082,Surrey,"19-11255 132 St, Surrey, BC, V3R 4R3, Canada",Yes,‚òê,‚òê,‚òê,‚òê,‚òê
Mid Valley Roofing,604-539-8169,Surrey,"BC, Canada",Yes,‚òê,‚òê,‚òê,‚òê,‚òê
Monarch Exteriors Ltd,778-883-0544,Surrey,"203-5679 177B St, Surrey, BC, V3S 4J2, Canada",Yes,‚òê,‚òê,‚òê,‚òê,‚òê
Mr Roofer Enterprises,778-960-4183,Surrey,"BC, Canada",Yes,‚òê,‚òê,‚òê,‚òê,‚òê
Muirs Roofing,604-240-8443,Surrey,"12265 77A Ave, Surrey, BC, V3W 2W9, Canada",Yes,‚òê,‚òê,‚òê,‚òê,‚òê
NJ Roofing Ltd,604-999-0629,Surrey,"BC, Canada",Yes,‚òê,‚òê,‚òê,‚òê,‚òê
New Way Roofing Ltd,604-719-7927,Surrey,"7015 125A St, Surrey, BC, V3W 1N9, Canada",Yes,‚òê,‚òê,‚òê,‚òê,‚òê
Nexas Roofing Ltd,604-377-6735,Surrey,"13385 84A Ave, Surrey, BC, V3W 6Y6, Canada",Yes,‚òê,‚òê,‚òê,‚òê,‚òê
Noor Roofing Ltd,778-847-7502,Surrey,"9705 130 St, Surrey, BC, V3T 3L2, Canada",Yes,‚òê,‚òê,‚òê,‚òê,‚òê
Northside Roofing & Repair,604-581-5222,Surrey,"12588 110 Ave, Surrey, BC, V3V 3J8, Canada",Yes,‚òê,‚òê,‚òê,‚òê,‚òê
Nu Design Roofing Inc,778-855-8619,Surrey,"13172 68A Ave, Surrey, BC, V3W 9Y3, Canada",Yes,‚òê,‚òê,‚òê,‚òê,‚òê
Oconnors Roofing,604-597-4471,Surrey,"16390 82 Ave, Surrey, BC, V4N 0N8, Canada",Yes,‚òê,‚òê,‚òê,‚òê,‚òê
Official Roofing,604-725-8274,Surrey,"12385 68 Avenue, Surrey, BC, V3W 0Z6, Canada",Yes,‚òê,‚òê,‚òê,‚òê,‚òê
P & J Roofing Ltd,604-655-8182,Surrey,"9157 Robertson Dr, Surrey, BC, V3V 6E9, Canada",Yes,‚òê,‚òê,‚òê,‚òê,‚òê
Pace Roofing And Repairs,778-395-5443,Surrey,"12774 113A Ave, Surrey, BC, V3V 3M4, Canada",Yes,‚òê,‚òê,‚òê,‚òê,‚òê
Pacific Shores Roofing,604-227-1929,Surrey,"BC, Canada",Yes,‚òê,‚òê,‚òê,‚òê,‚òê
Panjab Roofing Ltd,236-558-2830,Surrey,"13252 64A Ave, Surrey, BC, V3W 7H9, Canada",Yes,‚òê,‚òê,‚òê,‚òê,‚òê
Pat Williams Roofing & Insulation,604-576-2240,Surrey,"17585 57 Ave, Surrey, BC, V3S 1G8, Canada",Yes,‚òê,‚òê,‚òê,‚òê,‚òê
Peak Gutters Ltd,122-880-9814,Surrey,"7290 123 St, Surrey, BC, V3W 9J1, Canada",Yes,‚òê,‚òê,‚òê,‚òê,‚òê
Performance Roofing Ltd,778-888-7663,Surrey,"10-5508 Production Blvd, Surrey, BC, V3S 8P5, Canada",Yes,‚òê,‚òê,‚òê,‚òê,‚òê
Peter Roofing Ltd,604-589-4603,Surrey,"10249 132 St, Surrey, BC, V3T 3T8, Canada",Yes,‚òê,‚òê,‚òê,‚òê,‚òê
Prince Roofing Ltd,604-588-1426,Surrey,"12769 96A Ave, Surrey, BC, V3V 2B3, Canada",Yes,‚òê,‚òê,‚òê,‚òê,‚òê
Professional Top Class Roofing Ltd,604-723-4470,Surrey,"BC, Canada",Yes,‚òê,‚òê,‚òê,‚òê,‚òê
Project Roofing Ltd,604-783-9026,Surrey,"8755 154B St, Surrey, BC, V3S 6A3, Canada",Yes,‚òê,‚òê,‚òê,‚òê,‚òê
Proof Roofing The Ltd,604-379-0656,Surrey,"14759 101 Ave, Surrey, BC, V3R 7H7, Canada",Yes,‚òê,‚òê,‚òê,‚òê,‚òê
Prowest Roofing Ltd,604-364-6850,Surrey,"12172 95A Ave, Surrey, BC, V3V 1P8, Canada",Yes,‚òê,‚òê,‚òê,‚òê,‚òê
R T Roofing Ltd,604-910-1173,Surrey,"Surrey, BC, Canada",Yes,‚òê,‚òê,‚òê,‚òê,‚òê
RAF Roofing,778-237-9424,Surrey,"BC, Canada",Yes,‚òê,‚òê,‚òê,‚òê,‚òê
Rainstar Roofing,236-333-7982,Surrey,"Surrey, BC, Canada",Yes,‚òê,‚òê,‚òê,‚òê,‚òê
Red Roofing Ltd,778-706-7143,Surrey,"6048 133A St, Surrey, BC, V3X 2K3, Canada",Yes,‚òê,‚òê,‚òê,‚òê,‚òê
Red Seal Roofing,604-652-2240,Surrey,"107-19528 Fraser Hwy, Surrey, BC, V3S 8P4, Canada",Yes,‚òê,‚òê,‚òê,‚òê,‚òê
Redeemed 1 Roofing and Gutter Services,236-992-9536,Surrey,"10866 City Pky, Surrey, BC, V3T 5W9, Canada",Yes,‚òê,‚òê,‚òê,‚òê,‚òê
Rehat Roofing & Construction Ltd,604-374-5956,Surrey,"12540 91 Ave, Surrey, BC, V3V 1E1, Canada",Yes,‚òê,‚òê,‚òê,‚òê,‚òê
Ridge Riders Roofing,604-536-1395,Surrey,"Surrey, BC, Canada",Yes,‚òê,‚òê,‚òê,‚òê,‚òê
Rob Roofing Ltd,778-885-8115,Surrey,"BC, Canada",Yes,‚òê,‚òê,‚òê,‚òê,‚òê
Robinson Roofing & Sheet Metal,604-500-7663,Surrey,"BC, Canada",Yes,‚òê,‚òê,‚òê,‚òê,‚òê
Ron Schwabs Roofing,604-761-0493,Surrey,"7647 134A St, Surrey, BC, V3W 4V6, Canada",Yes,‚òê,‚òê,‚òê,‚òê,‚òê
Roof Once Inc,604-599-5379,Surrey,"8-2320 King George Blvd, Surrey, BC, V4A 5A5, Canada",Yes,‚òê,‚òê,‚òê,‚òê,‚òê
RoofDoc,604-506-0751,Surrey,"BC, Canada",Yes,‚òê,‚òê,‚òê,‚òê,‚òê
Roofing Matters Roofing Inc,778-240-6017,Surrey,"BC, Canada",Yes,‚òê,‚òê,‚òê,‚òê,‚òê
Roofing Surrey,604-332-6664,Surrey,"7184-120 Street Suite 265, Surrey, BC, V3W 0M6, Canada",Yes,‚òê,‚òê,‚òê,‚òê,‚òê
Roofking Roof & Building Sealing Ltd,604-377-3854,Surrey,"BC, Canada",Yes,‚òê,‚òê,‚òê,‚òê,‚òê
Roofmaster Roofing Ltd,778-885-5448,Surrey,"Surrey, BC, Canada",Yes,‚òê,‚òê,‚òê,‚òê,‚òê
S I D Roofing Ltd,778-319-0732,Surrey,"12714 90 Ave, Surrey, BC, V3V 6G5, Canada",Yes,‚òê,‚òê,‚òê,‚òê,‚òê
S.G. Roofing (2022) Ltd,778-320-2493,Surrey,"8022 144 St, Surrey, BC, V3W 5T4, Canada",Yes,‚òê,‚òê,‚òê,‚òê,‚òê
SSK Roofing & Siding,604-562-0957,Surrey,"BC, Canada",Yes,‚òê,‚òê,‚òê,‚òê,‚òê
SSM Roofing,778-885-3347,Surrey,"Surrey, BC, V3V 5N2, Canada",Yes,‚òê,‚òê,‚òê,‚òê,‚òê
Sacramento Roofing Ltd,604-584-3441,Surrey,"Surrey, BC, Canada",Yes,‚òê,‚òê,‚òê,‚òê,‚òê
Same Day Roofing,604-807-7571,Surrey,"9286 124A St, Surrey, BC, V3V 4V8, Canada",Yes,‚òê,‚òê,‚òê,‚òê,‚òê
Sea Coast Roofing,604-585-7057,Surrey,"10091 144 St, Surrey, BC, V3T 4T9, Canada",Yes,‚òê,‚òê,‚òê,‚òê,‚òê
Sean's Roofing,778-552-5869,Surrey,"BC, Canada",Yes,‚òê,‚òê,‚òê,‚òê,‚òê
Seymour Roofing Inc,604-501-7296,Surrey,"BC, Canada",Yes,‚òê,‚òê,‚òê,‚òê,‚òê
Snr Roofing Services Ltd,604-779-3121,Surrey,"7881 123A St, Surrey, BC, V3W 3W1, Canada",Yes,‚òê,‚òê,‚òê,‚òê,‚òê
Sohal Bros Roofing Ltd,778-895-0566,Surrey,"BC, Canada",Yes,‚òê,‚òê,‚òê,‚òê,‚òê
Sole Roofing,604-645-1173,Surrey,"60-17710 60 Ave, Surrey, BC, V3S 1V2, Canada",Yes,‚òê,‚òê,‚òê,‚òê,‚òê
South-West Roofing Inc,604-790-9020,Surrey,"233-15355 24 Avenue, Surrey, BC, V4A 2H9, Canada",Yes,‚òê,‚òê,‚òê,‚òê,‚òê
Southwest Roof Restoration,778-574-7935,Surrey,"15355 24 Ave #233, Surrey, BC, V4A 2H9, Canada",Yes,‚òê,‚òê,‚òê,‚òê,‚òê
Ssk Roofing & Siding Ltd.,604-787-4622,Surrey,"12468 82 Ave, Surrey, BC, V3W 3E9, Canada",Yes,‚òê,‚òê,‚òê,‚òê,‚òê
Stanpro/roofing,236-818-1935,Surrey,"18881 55A Ave, Surrey, BC, V3S 6X1, Canada",Yes,‚òê,‚òê,‚òê,‚òê,‚òê
Sunlight Roofing Ltd.,604-715-1698,Surrey,"10863 132 St, Surrey, BC, V3T 3W6, Canada",Yes,‚òê,‚òê,‚òê,‚òê,‚òê
Surrey Roofing,778-386-4009,Surrey,"8975 151 St, Surrey, BC, V3R 6X5, Canada",Yes,‚òê,‚òê,‚òê,‚òê,‚òê
Swift Roofing Contractor Surrey,778-387-6970,Surrey,"8746 August Dr, Surrey, BC, V3S 5A2, Canada",Yes,‚òê,‚òê,‚òê,‚òê,‚òê
T N T Roofing Services Ltd,778-869-7369,Surrey,"1485 133A St, Surrey, BC, V4A 6A3, Canada",Yes,‚òê,‚òê,‚òê,‚òê,‚òê
TL Roofing & Services Ltd,604-497-0116,Surrey,"15408 88th Avenue, Surrey, BC, V3S 2T1, Canada",Yes,‚òê,‚òê,‚òê,‚òê,‚òê
Tectum Roof & Wall Systems Ltd.,778-590-0903,Surrey,"13761 116 Ave, Surrey, BC, V3R 0T2, Canada",Yes,‚òê,‚òê,‚òê,‚òê,‚òê
Test Roofing,604-226-3716,Surrey,"308-1675 Martin Dr, Surrey, BC, V4A 6E2, Canada",Yes,‚òê,‚òê,‚òê,‚òê,‚òê
Tip Roofing Ltd.,604-761-0135,Surrey,"51-9405 121 St, Surrey, BC, V3V 0A9, Canada",Yes,‚òê,‚òê,‚òê,‚òê,‚òê
Tip Top Roofing,604-587-5722,Surrey,"11750 96A Ave, Surrey, BC, V3V 2A1, Canada",Yes,‚òê,‚òê,‚òê,‚òê,‚òê
Tom's Roofing,778-552-8533,Surrey,"BC, Canada",Yes,‚òê,‚òê,‚òê,‚òê,‚òê
Tom's Roofing Ltd,778-885-7801,Surrey,"6308 130B St, Surrey, BC, V3X 1R4, Canada",Yes,‚òê,‚òê,‚òê,‚òê,‚òê
Top Roofing Systems,778-798-2012,Surrey,"18065 57 Ave, Surrey, BC, V3S 5N1, Canada",Yes,‚òê,‚òê,‚òê,‚òê,‚òê
Tower Roofing,604-644-1920,Surrey,"496-7360 137 St, Surrey, BC, V3W 1A3, Canada",Yes,‚òê,‚òê,‚òê,‚òê,‚òê
Twin Peaks Roofing Company Ltd,778-317-4917,Surrey,"12593 104 Ave, Surrey, BC, V3V 3H6, Canada",Yes,‚òê,‚òê,‚òê,‚òê,‚òê
V V Roofing Co Ltd,604-588-4733,Surrey,"9843 124A St, Surrey, BC, V3V 4W2, Canada",Yes,‚òê,‚òê,‚òê,‚òê,‚òê
Var Mac Roofing & Contracting,604-580-0305,Surrey,"12551 106A Ave, Surrey, BC, V3V 7B2, Canada",Yes,‚òê,‚òê,‚òê,‚òê,‚òê
Welkin Roofing,778-987-4660,Surrey,"15739 88 Ave, Surrey, BC, V4N 1H6, Canada",Yes,‚òê,‚òê,‚òê,‚òê,‚òê
Yale Roofing Ltd.,604-358-3014,Surrey,"9650 133A St, Surrey, BC, V3T 3Z6, Canada",Yes,‚òê,‚òê,‚òê,‚òê,‚òê
Zenith Roofing Ltd,604-599-4715,Surrey,"5848 125 St, Surrey, BC, V3X 3P9, Canada",Yes,‚òê,‚òê,‚òê,‚òê,‚òê
3 King's Roofing And Renovations Inc.,778-868-1906,Vancouver,"4323 Inverness St, Vancouver, BC, V5V 4X1, Canada",Yes,‚òê,‚òê,‚òê,‚òê,‚òê
A New Look Painting & Waterproofing,604-650-1848,Vancouver,"BC, Canada",Yes,‚òê,‚òê,‚òê,‚òê,‚òê
A&P Roofing Services Co Ltd,778-322-3108,Vancouver,"BC, Canada",Yes,‚òê,‚òê,‚òê,‚òê,‚òê
A-Top Roofing,778-655-9605,Vancouver,"BC, Canada",Yes,‚òê,‚òê,‚òê,‚òê,‚òê
A1 Roofing and Renos,604-435-9855,Vancouver,"BC, Canada",Yes,‚òê,‚òê,‚òê,‚òê,‚òê
AB Roofing,778-834-4150,Vancouver,"BC, Canada",Yes,‚òê,‚òê,‚òê,‚òê,‚òê
ACS Roofing Ltd,604-671-4135,Vancouver,"BC, Canada",Yes,‚òê,‚òê,‚òê,‚òê,‚òê
ARH Roofing & Restorations,778-996-4681,Vancouver,"Vancouver, BC, Canada",Yes,‚òê,‚òê,‚òê,‚òê,‚òê
AS Roofing Ltd,778-838-4128,Vancouver,"BC, Canada",Yes,‚òê,‚òê,‚òê,‚òê,‚òê
AVI Roofing Ltd,604-727-4013,Vancouver,"BC, Canada",Yes,‚òê,‚òê,‚òê,‚òê,‚òê
Aardvark GC & Roofing,778-785-5235,Vancouver,"BC, Canada",Yes,‚òê,‚òê,‚òê,‚òê,‚òê
Absolute Gutters & Downspouts Burnaby,778-828-3886,Vancouver,"331-2273 Kingsway, Vancouver, BC, V5N 2T6, Canada",Yes,‚òê,‚òê,‚òê,‚òê,‚òê
Acor Roofing & Drainage,604-984-7599,Vancouver,"310-250 1st Ave W, Vancouver, BC, V5Y 3T2, Canada",Yes,‚òê,‚òê,‚òê,‚òê,‚òê
Aerie Roofing,604-839-9394,Vancouver,"BC, Canada",Yes,‚òê,‚òê,‚òê,‚òê,‚òê
Alexcee Roofing,604-230-3956,Vancouver,"BC, Canada",Yes,‚òê,‚òê,‚òê,‚òê,‚òê
Aman Roofing Ltd,778-322-7020,Vancouver,"BC, Canada",Yes,‚òê,‚òê,‚òê,‚òê,‚òê
Amber-West Roofing & Contracting Group Ltd,604-219-0182,Vancouver,"Po Box 551, Savona, BC, V0K 2J0, Canada",Yes,‚òê,‚òê,‚òê,‚òê,‚òê
Aqua Tech Roofing,778-867-5325,Vancouver,"BC, Canada",Yes,‚òê,‚òê,‚òê,‚òê,‚òê
Arc Roofing & Waterproofing Systems,604-434-3085,Vancouver,"BC, Canada",Yes,‚òê,‚òê,‚òê,‚òê,‚òê
Asphalt Embassy Roofing & Construction,604-358-1918,Vancouver,"1503-1644 Nelson St, Vancouver, BC, V6G 2Y9, Canada",Yes,‚òê,‚òê,‚òê,‚òê,‚òê
Athwal Roofing,778-558-5277,Vancouver,"BC, Canada",Yes,‚òê,‚òê,‚òê,‚òê,‚òê
Atwals Roofing,604-715-5759,Vancouver,"BC, Canada",Yes,‚òê,‚òê,‚òê,‚òê,‚òê
BC Roofing Ltd,604-240-1850,Vancouver,"110-3399 Kingsway, Vancouver, BC, V5R 5K6, Canada",Yes,‚òê,‚òê,‚òê,‚òê,‚òê
BC West Roofing & Contracting,604-970-7980,Vancouver,"Vancouver, BC, Canada",Yes,‚òê,‚òê,‚òê,‚òê,‚òê
Bach Roofing Ltd,604-715-0202,Vancouver,"BC, Canada",Yes,‚òê,‚òê,‚òê,‚òê,‚òê
Bahama Roofing,604-767-9561,Vancouver,"BC, Canada",Yes,‚òê,‚òê,‚òê,‚òê,‚òê
Bains Roofing & Renovations,604-710-3154,Vancouver,"BC, Canada",Yes,‚òê,‚òê,‚òê,‚òê,‚òê
Ben Roofing,778-321-4019,Vancouver,"BC, Canada",Yes,‚òê,‚òê,‚òê,‚òê,‚òê
Bernard Industrial Roofing,604-505-8635,Vancouver,"BC, Canada",Yes,‚òê,‚òê,‚òê,‚òê,‚òê
Blanshard Roofing,604-725-4069,Vancouver,"BC, Canada",Yes,‚òê,‚òê,‚òê,‚òê,‚òê
Budget Roof Cleaning Langley,604-803-4878,Vancouver,"BC, Canada",Yes,‚òê,‚òê,‚òê,‚òê,‚òê
C & H Gill Roofing,604-710-4113,Vancouver,"BC, Canada",Yes,‚òê,‚òê,‚òê,‚òê,‚òê
Campos Roofing Ltd,778-322-1971,Vancouver,"Vancouver, BC, Canada",Yes,‚òê,‚òê,‚òê,‚òê,‚òê
Capital Roofing City,613-879-1050,Vancouver,"2403 - 489 Interurban Way, BC, V5X 0C7, Canada",Yes,‚òê,‚òê,‚òê,‚òê,‚òê
Cascadia Roofing,604-621-7474,Vancouver,"328-3381 Cambie St, Vancouver, BC, V5Z 4R3, Canada",Yes,‚òê,‚òê,‚òê,‚òê,‚òê
Chico Roofing Group,778-320-0414,Vancouver,"Vancouver, BC, Canada",Yes,‚òê,‚òê,‚òê,‚òê,‚òê
Clean & Repair Gutter,604-780-5841,Vancouver,"BC, Canada",Yes,‚òê,‚òê,‚òê,‚òê,‚òê
Colingwood Roofing Ltd,604-438-0382,Vancouver,"BC, Canada",Yes,‚òê,‚òê,‚òê,‚òê,‚òê
Collingwood Roofing,604-831-3696,Vancouver,"Vancouver, BC, V6B 3P7, Canada",Yes,‚òê,‚òê,‚òê,‚òê,‚òê
Como Roofing & Contracting,778-888-0449,Vancouver,"BC, Canada",Yes,‚òê,‚òê,‚òê,‚òê,‚òê
Cooper Roofing,778-773-3124,Vancouver,"600-1285 Broadway W, Vancouver, BC, V6H 3X8, Canada",Yes,‚òê,‚òê,‚òê,‚òê,‚òê
Copper Roof Risk Management Inc,604-669-0456,Vancouver,"95-1687W Broadway W, Vancouver, BC, V6J 1X2, Canada",Yes,‚òê,‚òê,‚òê,‚òê,‚òê
Curtis John Roofing & Repairs Since 1978,604-729-3260,Vancouver,"BC, Canada",Yes,‚òê,‚òê,‚òê,‚òê,‚òê
D D M Roofing,604-771-3725,Vancouver,"BC, Canada",Yes,‚òê,‚òê,‚òê,‚òê,‚òê
DIR Waterproofing Ltd,604-789-7349,Vancouver,"BC, Canada",Yes,‚òê,‚òê,‚òê,‚òê,‚òê
Dave's Roofing Flashing & Skylights.,604-700-7663,Vancouver,"1060 Howe St, Vancouver, BC, V6Z 1P5, Canada",Yes,‚òê,‚òê,‚òê,‚òê,‚òê
Delmonte Roofing,778-955-4684,Vancouver,"BC, Canada",Yes,‚òê,‚òê,‚òê,‚òê,‚òê
Deluxe Roofing,604-318-6151,Vancouver,"BC, Canada",Yes,‚òê,‚òê,‚òê,‚òê,‚òê
Dial A Roof,604-618-7255,Vancouver,"Vancouver, BC, V5K 0A1, Canada",Yes,‚òê,‚òê,‚òê,‚òê,‚òê
Dominion Roofing Ltd,604-322-1210,Vancouver,"492 55th Ave E, Vancouver, BC, V5X 1N4, Canada",Yes,‚òê,‚òê,‚òê,‚òê,‚òê
Done-Right Roofing & Renovations,778-881-5309,Vancouver,"Vancouver, BC, V6G 2G1, Canada",Yes,‚òê,‚òê,‚òê,‚òê,‚òê
Elevated Roofing,778-288-7454,Vancouver,"BC, Canada",Yes,‚òê,‚òê,‚òê,‚òê,‚òê
Endurance Roofing & Renovations,778-653-7072,Vancouver,"BC, Canada",Yes,‚òê,‚òê,‚òê,‚òê,‚òê
Enviro Roofing,778-654-6901,Vancouver,"739-8623 Granville St, Vancouver, BC, V6P 5A2, Canada",Yes,‚òê,‚òê,‚òê,‚òê,‚òê
Equinox Roofing,604-970-1026,Vancouver,"7523 Victoria Dr, Vancouver, BC, V5P 3Z6, Canada",Yes,‚òê,‚òê,‚òê,‚òê,‚òê
Erin Roofing & Water Proofing Ltd,778-996-6151,Vancouver,"Vancouver, BC, Canada",Yes,‚òê,‚òê,‚òê,‚òê,‚òê
Evertile Roofing Macroline Ltd,604-266-2643,Vancouver,"Vancouver, BC, Canada",Yes,‚òê,‚òê,‚òê,‚òê,‚òê
Every Shingle Thing Roofing,778-232-8166,Vancouver,"BC, Canada",Yes,‚òê,‚òê,‚òê,‚òê,‚òê
Evo Roofing,604-722-9981,Vancouver,"Vancouver, BC, V6B 3P7, Canada",Yes,‚òê,‚òê,‚òê,‚òê,‚òê
Fairweather Roofing,604-315-4135,Vancouver,"BC, Canada",Yes,‚òê,‚òê,‚òê,‚òê,‚òê
First Choice Roofing,604-356-6927,Vancouver,"BC, Canada",Yes,‚òê,‚òê,‚òê,‚òê,‚òê
Frank The Roofing Specialist,778-230-5717,Vancouver,"Vancouver, BC, Canada",Yes,‚òê,‚òê,‚òê,‚òê,‚òê
Frank's Roofing,778-883-5826,Vancouver,"BC, Canada",Yes,‚òê,‚òê,‚òê,‚òê,‚òê
Fraserview Roofing Ltd,778-728-0546,Vancouver,"BC, Canada",Yes,‚òê,‚òê,‚òê,‚òê,‚òê
Full Star Roofing & Construction,778-885-0028,Vancouver,"205-1111 Barclay St, Vancouver, BC, V6E 1G9, Canada",Yes,‚òê,‚òê,‚òê,‚òê,‚òê
Futat Roofing,778-882-6618,Vancouver,"BC, Canada",Yes,‚òê,‚òê,‚òê,‚òê,‚òê
G.K. Roofing Ltd,604-259-1633,Vancouver,"BC, Canada",Yes,‚òê,‚òê,‚òê,‚òê,‚òê
Gm Roofing Ltd,604-874-5430,Vancouver,"1306 24Th Ave E, Vancouver, BC, V5V 2B7, Canada",Yes,‚òê,‚òê,‚òê,‚òê,‚òê
Goodvans Roofing,123-157-7988,Vancouver,"2161 33Rd Ave W, Vancouver, BC, V6M 1C1, Canada",Yes,‚òê,‚òê,‚òê,‚òê,‚òê
Green Hornet Roofing,604-657-1338,Vancouver,"BC, Canada",Yes,‚òê,‚òê,‚òê,‚òê,‚òê
Guru Roofing Ltd.,778-710-9884,Vancouver,"BC, Canada",Yes,‚òê,‚òê,‚òê,‚òê,‚òê
Gutter Brothers Contracting,604-754-1885,Vancouver,"BC, Canada",Yes,‚òê,‚òê,‚òê,‚òê,‚òê
Gxm Roofing & Drainage Ltd,604-291-7529,Vancouver,"1020 Cordova St E, Vancouver, BC, V6A 4A3, Canada",Yes,‚òê,‚òê,‚òê,‚òê,‚òê
H C Diamond Roofing Enterprise,778-828-1179,Vancouver,"BC, Canada",Yes,‚òê,‚òê,‚òê,‚òê,‚òê
HC Diamond Roofing,604-600-6350,Vancouver,"BC, Canada",Yes,‚òê,‚òê,‚òê,‚òê,‚òê
HES Roofing,778-561-1062,Vancouver,"203-825 Nicola St, BC, V6G 2C4, Canada",Yes,‚òê,‚òê,‚òê,‚òê,‚òê
Haida Roofing,604-431-3906,Vancouver,"3505 Haida Dr, Vancouver, BC, V5M 3Y9, Canada",Yes,‚òê,‚òê,‚òê,‚òê,‚òê
Hankins Roofing,778-689-9486,Vancouver,"Vancouver, BC, V6B 3P7, Canada",Yes,‚òê,‚òê,‚òê,‚òê,‚òê
Helios Roofing & Waterproofing,604-783-6095,Vancouver,"BC, Canada",Yes,‚òê,‚òê,‚òê,‚òê,‚òê
High Class Roofing Ltd,604-716-7409,Vancouver,"1262 Vernon Dr, Vancouver, BC, V6A 4C9, Canada",Yes,‚òê,‚òê,‚òê,‚òê,‚òê
High Rise Roofing Ltd,604-505-2336,Vancouver,"BC, Canada",Yes,‚òê,‚òê,‚òê,‚òê,‚òê
ISC Roofing Systems,778-883-7385,Vancouver,"BC, Canada",Yes,‚òê,‚òê,‚òê,‚òê,‚òê
J & N Roofing,604-254-0355,Vancouver,"12-2241 12Th Ave E, Vancouver, BC, V5N 2B2, Canada",Yes,‚òê,‚òê,‚òê,‚òê,‚òê
J Canadian Roofing Ltd,604-831-7243,Vancouver,"BC, Canada",Yes,‚òê,‚òê,‚òê,‚òê,‚òê
Jaun Roofing,604-716-4879,Vancouver,"BC, Canada",Yes,‚òê,‚òê,‚òê,‚òê,‚òê
Jaysquared Roofing And Repairs Ltd,604-315-1696,Vancouver,"Vancouver, BC, Canada",Yes,‚òê,‚òê,‚òê,‚òê,‚òê
Johal Roofing,604-506-0679,Vancouver,"BC, Canada",Yes,‚òê,‚òê,‚òê,‚òê,‚òê
Judge Roofing,604-312-9195,Vancouver,"BC, Canada",Yes,‚òê,‚òê,‚òê,‚òê,‚òê
KB Roofing Ltd,604-726-4099,Vancouver,"BC, Canada",Yes,‚òê,‚òê,‚òê,‚òê,‚òê
Key West Roofing Ltd,604-618-1471,Vancouver,"BC, Canada",Yes,‚òê,‚òê,‚òê,‚òê,‚òê
Kingsway Tile Roofing,604-324-0604,Vancouver,"BC, Canada",Yes,‚òê,‚òê,‚òê,‚òê,‚òê
Knight Roofing Contractors,604-640-7660,Vancouver,"610-555 W Georgia St, Vancouver, BC, V6B 1Z6, Canada",Yes,‚òê,‚òê,‚òê,‚òê,‚òê
Komo Roofing And Contracting Services Inc.,778-655-9142,Vancouver,"118-1917 4Th Ave W, Vancouver, BC, V6J 1M7, Canada",Yes,‚òê,‚òê,‚òê,‚òê,‚òê
Landmark Roofing Ltd,778-668-9451,Vancouver,"BC, Canada",Yes,‚òê,‚òê,‚òê,‚òê,‚òê
Legendary Roofing,778-889-2809,Vancouver,"BC, Canada",Yes,‚òê,‚òê,‚òê,‚òê,‚òê
Let it Rain Roofing,604-328-0527,Vancouver,"BC, Canada",Yes,‚òê,‚òê,‚òê,‚òê,‚òê
Los Compadres Roofing,604-649-5013,Vancouver,"BC, Canada",Yes,‚òê,‚òê,‚òê,‚òê,‚òê
M D M Roofing Ltd,604-724-3514,Vancouver,"BC, Canada",Yes,‚òê,‚òê,‚òê,‚òê,‚òê
M Gold Siding & Soffits Ltd,604-728-9290,Vancouver,"BC, Canada",Yes,‚òê,‚òê,‚òê,‚òê,‚òê
MacBeth Bros Roofing,604-643-8552,Vancouver,"3156 13th Ave W, Vancouver, BC, V6K 2V3, Canada",Yes,‚òê,‚òê,‚òê,‚òê,‚òê
Macbeth Roofing,604-365-2491,Vancouver,"Vancouver, BC, Canada",Yes,‚òê,‚òê,‚òê,‚òê,‚òê
Macbeth Roofing & Waterproofing,778-374-0333,Vancouver,"BC, Canada",Yes,‚òê,‚òê,‚òê,‚òê,‚òê
Magnum Roofing Ltd,604-720-3432,Vancouver,"BC, Canada",Yes,‚òê,‚òê,‚òê,‚òê,‚òê
Manhire Roofing,778-302-1772,Vancouver,"BC, Canada",Yes,‚òê,‚òê,‚òê,‚òê,‚òê
Mastercraft Roofing,604-322-5517,Vancouver,"BC, Canada",Yes,‚òê,‚òê,‚òê,‚òê,‚òê
Mattu Roofing Ltd,604-961-2035,Vancouver,"BC, Canada",Yes,‚òê,‚òê,‚òê,‚òê,‚òê
McDonald's Roofing Ltd,604-220-0378,Vancouver,"478 60th Ave E, Vancouver, BC, V5X 1Z9, Canada",Yes,‚òê,‚òê,‚òê,‚òê,‚òê
Metal Roof Expert,604-644-1304,Vancouver,"Vancouver, BC, Canada",Yes,‚òê,‚òê,‚òê,‚òê,‚òê
Modern Day Roofing,604-761-9039,Vancouver,"BC, Canada",Yes,‚òê,‚òê,‚òê,‚òê,‚òê
Moon Light Roofing Ltd,604-837-3600,Vancouver,"BC, Canada",Yes,‚òê,‚òê,‚òê,‚òê,‚òê
Moose on a Roof,604-349-7941,Vancouver,"BC, Canada",Yes,‚òê,‚òê,‚òê,‚òê,‚òê
More Than A Roof Housing,604-301-1236,Vancouver,"155E 37Th Ave E Suite E 37Th, Vancouver, BC, V5W 1E5, Canada",Yes,‚òê,‚òê,‚òê,‚òê,‚òê
Navco Roofing,778-991-7858,Vancouver,"Vancouver, BC, V6B 3P7, Canada",Yes,‚òê,‚òê,‚òê,‚òê,‚òê
Neo Roofing,604-802-1443,Vancouver,"BC, Canada",Yes,‚òê,‚òê,‚òê,‚òê,‚òê
NextGen Roofing Vancouver,778-302-1543,Vancouver,"BC, Canada",Yes,‚òê,‚òê,‚òê,‚òê,‚òê
Nico's Roofing,778-868-9854,Vancouver,"BC, Canada",Yes,‚òê,‚òê,‚òê,‚òê,‚òê
Nika Roofing,778-316-7958,Vancouver,"Vancouver, BC, V6B 3P7, Canada",Yes,‚òê,‚òê,‚òê,‚òê,‚òê
Northview Roofing Ltd.,604-807-0070,Vancouver,"410-2906 Broadway W, Vancouver, BC, V6K 2G8, Canada",Yes,‚òê,‚òê,‚òê,‚òê,‚òê
Norton Roofing Systems Ltd,778-379-1342,Vancouver,"1500-701 W Georgia St, Vancouver, BC, V7Y 1G5, Canada",Yes,‚òê,‚òê,‚òê,‚òê,‚òê
O G Roofing,604-315-5287,Vancouver,"BC, Canada",Yes,‚òê,‚òê,‚òê,‚òê,‚òê
Oakridge Roofing,604-813-9445,Vancouver,"BC, Canada",Yes,‚òê,‚òê,‚òê,‚òê,‚òê
P & R Roofing Ltd,604-844-4824,Vancouver,"BC, Canada",Yes,‚òê,‚òê,‚òê,‚òê,‚òê
Paradise Roofing Ltd,604-307-6751,Vancouver,"BC, Canada",Yes,‚òê,‚òê,‚òê,‚òê,‚òê
Peace Arch Exteriors,604-722-8032,Vancouver,"Port-Moody, BC, Canada",Yes,‚òê,‚òê,‚òê,‚òê,‚òê
Penfolds Roofing,604-342-7663,Vancouver,"1262 Vernon Dr, Vancouver, BC, V6A 4C9, Canada",Yes,‚òê,‚òê,‚òê,‚òê,‚òê
Perfect Pitch Roofing,604-688-8040,Vancouver,"Vancouver, BC, Canada",Yes,‚òê,‚òê,‚òê,‚òê,‚òê
Pickering Roofing & Chimney,604-732-4301,Vancouver,"456 17th Ave E, Vancouver, BC, V5V 1B1, Canada",Yes,‚òê,‚òê,‚òê,‚òê,‚òê
Pioneer Roofing,604-595-2837,Vancouver,"BC, Canada",Yes,‚òê,‚òê,‚òê,‚òê,‚òê
Precision Roofing,604-750-8025,Vancouver,"BC, Canada",Yes,‚òê,‚òê,‚òê,‚òê,‚òê
Pritchard Roofing Works,604-600-2994,Vancouver,"BC, Canada",Yes,‚òê,‚òê,‚òê,‚òê,‚òê
R & E Roofing Ltd,604-312-1175,Vancouver,"BC, Canada",Yes,‚òê,‚òê,‚òê,‚òê,‚òê
RJ roofing ltd,778-773-1470,Vancouver,"BC, Canada",Yes,‚òê,‚òê,‚òê,‚òê,‚òê
Rahelu Roofing,604-725-8496,Vancouver,"BC, Canada",Yes,‚òê,‚òê,‚òê,‚òê,‚òê
Rain City Roofing Drainage & Sheet Metal Ltd,604-603-6592,Vancouver,"BC, Canada",Yes,‚òê,‚òê,‚òê,‚òê,‚òê
Raincity Roofing,604-240-2378,Vancouver,"Vancouver, BC, V6K 2M4, Canada",Yes,‚òê,‚òê,‚òê,‚òê,‚òê
Rainstorm Roofing Ltd,604-720-7670,Vancouver,"BC, Canada",Yes,‚òê,‚òê,‚òê,‚òê,‚òê
Raise The Roof Roofing And Repair,778-385-9585,Vancouver,"535 Atlantic St, Vancouver, BC, V6A 2J8, Canada",Yes,‚òê,‚òê,‚òê,‚òê,‚òê
Red Horse Roofing Ltd,604-781-9316,Vancouver,"BC, Canada",Yes,‚òê,‚òê,‚òê,‚òê,‚òê
Red Line Roofing Ltd,604-266-0424,Vancouver,"8675 Laurel St, Vancouver, BC, V6P 3V5, Canada",Yes,‚òê,‚òê,‚òê,‚òê,‚òê
Residential Roofing,236-300-8191,Vancouver,"6683 Tantalus Lane, Vancouver, BC, V5S 1N3, Canada",Yes,‚òê,‚òê,‚òê,‚òê,‚òê
Respectful Roofing,604-790-7901,Vancouver,"BC, Canada",Yes,‚òê,‚òê,‚òê,‚òê,‚òê
Retro Roofing,604-256-8058,Vancouver,"57-1315 7Th Ave W, Vancouver, BC, V6H 1B8, Canada",Yes,‚òê,‚òê,‚òê,‚òê,‚òê
Robert Davis Roofing,236-818-8818,Vancouver,"BC, Canada",Yes,‚òê,‚òê,‚òê,‚òê,‚òê
Roof Rider Contractor Ltd,604-445-7000,Vancouver,"BC, Canada",Yes,‚òê,‚òê,‚òê,‚òê,‚òê
RoofMatics,604-368-1690,Vancouver,"BC, Canada",Yes,‚òê,‚òê,‚òê,‚òê,‚òê
Roofing Done Right,778-689-2105,Vancouver,"BC, Canada",Yes,‚òê,‚òê,‚òê,‚òê,‚òê
Roofing Vancouver BC,778-200-3114,Vancouver,"BC, Canada",Yes,‚òê,‚òê,‚òê,‚òê,‚òê
Roofs On The Go,587-689-6006,Vancouver,"Vancouver, BC, Canada",Yes,‚òê,‚òê,‚òê,‚òê,‚òê
Roxwell Roofing,778-999-5519,Vancouver,"BC, Canada",Yes,‚òê,‚òê,‚òê,‚òê,‚òê
S S B Roofing Ltd,778-889-4141,Vancouver,"BC, Canada",Yes,‚òê,‚òê,‚òê,‚òê,‚òê
SD Roofing,778-847-2733,Vancouver,"BC, Canada",Yes,‚òê,‚òê,‚òê,‚òê,‚òê
SG Roofing,604-720-8142,Vancouver,"BC, Canada",Yes,‚òê,‚òê,‚òê,‚òê,‚òê
SKS Roofing,778-233-9313,Vancouver,"BC, Canada",Yes,‚òê,‚òê,‚òê,‚òê,‚òê
Scalon Roofing,778-996-0469,Vancouver,"BC, Canada",Yes,‚òê,‚òê,‚òê,‚òê,‚òê
Shane Roofing,604-716-5453,Vancouver,"BC, Canada",Yes,‚òê,‚òê,‚òê,‚òê,‚òê
Sheirjay Roofing Inc,604-348-9255,Vancouver,"842 49Th Ave E, Vancouver, BC, V5W 2H5, Canada",Yes,‚òê,‚òê,‚òê,‚òê,‚òê
Sibal Roofing Ltd,604-715-5775,Vancouver,"BC, Canada",Yes,‚òê,‚òê,‚òê,‚òê,‚òê
Sidhu Roofing Ltd,604-805-7948,Vancouver,"BC, Canada",Yes,‚òê,‚òê,‚òê,‚òê,‚òê
Silver Cedar Roofing,604-441-1379,Vancouver,"Vancouver, BC, V6B 3P7, Canada",Yes,‚òê,‚òê,‚òê,‚òê,‚òê
Sira Roofing,604-313-8692,Vancouver,"BC, Canada",Yes,‚òê,‚òê,‚òê,‚òê,‚òê
Southwestern Roofing & Chimney Co,604-258-6933,Vancouver,"BC, Canada",Yes,‚òê,‚òê,‚òê,‚òê,‚òê
Stormrider Roof Repairs,604-803-2808,Vancouver,"BC, Canada",Yes,‚òê,‚òê,‚òê,‚òê,‚òê
Straight Edge Roofing,778-848-6983,Vancouver,"BC, Canada",Yes,‚òê,‚òê,‚òê,‚òê,‚òê
Sunlight Roofing & Siding,604-715-1698,Vancouver,"BC, Canada",Yes,‚òê,‚òê,‚òê,‚òê,‚òê
Sunny Roofing Co,778-322-6160,Vancouver,"BC, Canada",Yes,‚òê,‚òê,‚òê,‚òê,‚òê
Sunshine Coast Roofing,604-499-6627,Vancouver,"5717 Nickerson Rd, Sechelt, BC, V0N 3A7, Canada",Yes,‚òê,‚òê,‚òê,‚òê,‚òê
T Woodward Roofing Mtl,604-250-3894,Vancouver,"BC, Canada",Yes,‚òê,‚òê,‚òê,‚òê,‚òê
TNT Roofing,778-288-6948,Vancouver,"BC, Canada",Yes,‚òê,‚òê,‚òê,‚òê,‚òê
Taj Roofing Ltd,778-883-3562,Vancouver,"BC, Canada",Yes,‚òê,‚òê,‚òê,‚òê,‚òê
Technic Roofing,604-338-9035,Vancouver,"BC, Canada",Yes,‚òê,‚òê,‚òê,‚òê,‚òê
Thomas & Son Roofing,778-929-0141,Vancouver,"Vancouver, BC, Canada",Yes,‚òê,‚òê,‚òê,‚òê,‚òê
Top Roof Cleaning,604-722-9274,Vancouver,"300-422 Richards St, Vancouver, BC, V6B 2Z4, Canada",Yes,‚òê,‚òê,‚òê,‚òê,‚òê
Topside Roofing Ltd,604-299-5746,Vancouver,"1500 Howe St, Vancouver, BC, V6Z 2N1, Canada",Yes,‚òê,‚òê,‚òê,‚òê,‚òê
Torch On Roofers,604-803-9522,Vancouver,"BC, Canada",Yes,‚òê,‚òê,‚òê,‚òê,‚òê
Tricities Roof & Metal,778-320-4037,Vancouver,"BC, Canada",Yes,‚òê,‚òê,‚òê,‚òê,‚òê
Turner and Sons Roofing,604-724-7532,Vancouver,"BC, Canada",Yes,‚òê,‚òê,‚òê,‚òê,‚òê
Two Brothers Roof Clean,778-855-0033,Vancouver,"BC, Canada",Yes,‚òê,‚òê,‚òê,‚òê,‚òê
Umbrella Roofing & Renovation Ltd,604-657-4094,Vancouver,"BC, Canada",Yes,‚òê,‚òê,‚òê,‚òê,‚òê
Under Roofing,604-202-0891,Vancouver,"BC, Canada",Yes,‚òê,‚òê,‚òê,‚òê,‚òê
Uni Roofing Co Ltd,604-726-1928,Vancouver,"BC, Canada",Yes,‚òê,‚òê,‚òê,‚òê,‚òê
Valhalla Roofing,604-341-8869,Vancouver,"BC, Canada",Yes,‚òê,‚òê,‚òê,‚òê,‚òê
Vancouver Eco Gutters Ltd.,778-839-5899,Vancouver,"1668 Arbutus St, Vancouver, BC, V6J 3X2, Canada",Yes,‚òê,‚òê,‚òê,‚òê,‚òê
Vancouver Roofing,604-700-9849,Vancouver,"Vancouver, BC, Canada",Yes,‚òê,‚òê,‚òê,‚òê,‚òê
Vancouver Roofing Pros,778-655-4089,Vancouver,"BC, Canada",Yes,‚òê,‚òê,‚òê,‚òê,‚òê
Vanguard Cedar Roofing,604-262-5476,Vancouver,"75037-8165 Main St, BC, V5X 3L2, Canada",Yes,‚òê,‚òê,‚òê,‚òê,‚òê
Very Best Roofing,604-256-2004,Vancouver,"6841 Cypress St, BC, V6P 5L9, Canada",Yes,‚òê,‚òê,‚òê,‚òê,‚òê
Villa Roofing & Sheet Metal,604-261-2441,Vancouver,"233 6th Ave E, Vancouver, BC, V5T 1J7, Canada",Yes,‚òê,‚òê,‚òê,‚òê,‚òê
Villa Roofing & Sheet Metal Ltd,604-261-3936,Vancouver,"103-8380 St. George St, Vancouver, BC, V5X 3S7, Canada",Yes,‚òê,‚òê,‚òê,‚òê,‚òê
Vince Anthony Roofing,604-366-0457,Vancouver,"BC, Canada",Yes,‚òê,‚òê,‚òê,‚òê,‚òê
Wade Dorvault Roofing & Renovations,604-719-6596,Vancouver,"BC, Canada",Yes,‚òê,‚òê,‚òê,‚òê,‚òê
Wally's Roofing,604-260-4272,Vancouver,"BC, Canada",Yes,‚òê,‚òê,‚òê,‚òê,‚òê
We Do Roofing,604-396-6729,Vancouver,"BC, Canada",Yes,‚òê,‚òê,‚òê,‚òê,‚òê
Wenger Roofing,778-858-2034,Vancouver,"3171 Golden Link Cres, Vancouver, BC, V5S 4M6, Canada",Yes,‚òê,‚òê,‚òê,‚òê,‚òê
West Coast Roof Cleaning,604-773-7034,Vancouver,"BC, Canada",Yes,‚òê,‚òê,‚òê,‚òê,‚òê
West Style Roofing Ltd,604-345-5234,Vancouver,"BC, Canada",Yes,‚òê,‚òê,‚òê,‚òê,‚òê
Willis Roofing,778-232-1353,Vancouver,"BC, Canada",Yes,‚òê,‚òê,‚òê,‚òê,‚òê
Wilson Roofing,604-700-5405,Vancouver,"2030 Marine Dr SW, Vancouver, BC, V6P 6B2, Canada",Yes,‚òê,‚òê,‚òê,‚òê,‚òê
ZK Roofing,778-855-6326,Vancouver,"BC, Canada",Yes,‚òê,‚òê,‚òê,‚òê,‚òê
All Tops Cool Roofs Ltd,250-503-4745,Vernon,"Vernon, BC, Canada",Yes,‚òê,‚òê,‚òê,‚òê,‚òê
Artisan Roofing Ltd,778-212-0604,Vernon,"BC, Canada",Yes,‚òê,‚òê,‚òê,‚òê,‚òê
Century Quality 1 Roofing Ltd,250-308-2467,Vernon,"2602 41 Ave, Vernon, BC, V1T 3H1, Canada",Yes,‚òê,‚òê,‚òê,‚òê,‚òê
Classic Roofing,250-546-3451,Vernon,"3445 Wood Ave, Armstrong, BC, V0E 1B2, Canada",Yes,‚òê,‚òê,‚òê,‚òê,‚òê
Eagle Eye Roofing,250-558-9352,Vernon,"BC, Canada",Yes,‚òê,‚òê,‚òê,‚òê,‚òê
Ferguson Roofing,250-379-2201,Vernon,"2845 Heywood-Armstrg, Falkland, BC, V0E 1W0, Canada",Yes,‚òê,‚òê,‚òê,‚òê,‚òê
Hometown Roofing,250-309-9663,Vernon,"BC, Canada",Yes,‚òê,‚òê,‚òê,‚òê,‚òê
KarryAll Roofing Ltd,250-309-1587,Vernon,"1306 George St, Enderby, BC, V0E 1V0, Canada",Yes,‚òê,‚òê,‚òê,‚òê,‚òê
Locey's Certified Roofing,250-542-2369,Vernon,"6120 Rimer Rd, Vernon, BC, V1B 3L4, Canada",Yes,‚òê,‚òê,‚òê,‚òê,‚òê
Long Roofing Inc,250-503-6693,Vernon,"2904 41 Ave, Vernon, BC, V1T 3H6, Canada",Yes,‚òê,‚òê,‚òê,‚òê,‚òê
MLM Roofing,250-306-2379,Vernon,"BC, Canada",Yes,‚òê,‚òê,‚òê,‚òê,‚òê
McCaig Roofing,250-503-8369,Vernon,"BC, V1T 6L9, Canada",Yes,‚òê,‚òê,‚òê,‚òê,‚òê
North Okanagan Roofing,250-546-1969,Vernon,"1928 Otter Lake Cross Rd, Armstrong, BC, V0E 1B5, Canada",Yes,‚òê,‚òê,‚òê,‚òê,‚òê
Overseas Roofingltd.,778-890-3590,Vernon,"1809 14 Ave, Vernon, BC, V1T 9R6, Canada",Yes,‚òê,‚òê,‚òê,‚òê,‚òê
Pid's Gutter Services,250-503-2292,Vernon,"3261 Francis St, Vernon, BC, V1B 3H8, Canada",Yes,‚òê,‚òê,‚òê,‚òê,‚òê
Ramex Roofing & Exteriors,250-548-3211,Vernon,"BC, Canada",Yes,‚òê,‚òê,‚òê,‚òê,‚òê
Roof Top Down,250-307-4064,Vernon,"Vernon, BC, Canada",Yes,‚òê,‚òê,‚òê,‚òê,‚òê
Silverstar Flat Roofing & Sheetmetal,778-215-8550,Vernon,"844 Hutley Rd, Armstrong, BC, V0E 1B7, Canada",Yes,‚òê,‚òê,‚òê,‚òê,‚òê
Solair Roofing Ltd,250-938-4617,Vernon,"9112 Angus Dr, Coldstream, BC, V1B 3G1, Canada",Yes,‚òê,‚òê,‚òê,‚òê,‚òê
Strong Roofing,250-344-8215,Vernon,"BC, Canada",Yes,‚òê,‚òê,‚òê,‚òê,‚òê
Studio Roofing,250-307-9256,Vernon,"BC, Canada",Yes,‚òê,‚òê,‚òê,‚òê,‚òê
Style Roofing,250-833-5757,Vernon,"1379 Salmon River Rd, Salmon Arm, BC, V1E 3H3, Canada",Yes,‚òê,‚òê,‚òê,‚òê,‚òê
The Greenway Roofing Company,250-309-0874,Vernon,"398 Albers Rd RR 5, Lumby, BC, V0E 2G5, Canada",Yes,‚òê,‚òê,‚òê,‚òê,‚òê
Thums up Roofing,250-540-4978,Vernon,"3-3700 Pleasant Valley Road, Vernon, BC, V1T 4L6, Canada",Yes,‚òê,‚òê,‚òê,‚òê,‚òê
Torch On Roofing Ltd,778-212-7470,Vernon,"BC, Canada",Yes,‚òê,‚òê,‚òê,‚òê,‚òê
Two Rivers Roofing Ltd,250-488-6010,Vernon,"BC, Canada",Yes,‚òê,‚òê,‚òê,‚òê,‚òê
Vernon Roofing,250-540-5319,Vernon,"BC, Canada",Yes,‚òê,‚òê,‚òê,‚òê,‚òê
Webster Roofing,250-550-0243,Vernon,"2701-2807 41 Ave, Vernon, BC, V1T 6X3, Canada",Yes,‚òê,‚òê,‚òê,‚òê,‚òê
Westpeak Metal Roofing,250-306-4497,Vernon,"22-4910 25 Ave, Vernon, BC, V1T 6R4, Canada",Yes,‚òê,‚òê,‚òê,‚òê,‚òê
Bear Roof Care,250-212-5771,West Kelowna,"3737 Glenway Rd, West Kelowna, BC, V4T 1E2, Canada",Yes,‚òê,‚òê,‚òê,‚òê,‚òê
Gentlemen's Roofing,250-300-4894,West Kelowna,"2107 Peters Rd, West Kelowna, BC, V4T 2C4, Canada",Yes,‚òê,‚òê,‚òê,‚òê,‚òê
German Master Roofing,778-840-6214,West Kelowna,"42-3291 Broadview Rd, West Kelowna, BC, V4T 3C8, Canada",Yes,‚òê,‚òê,‚òê,‚òê,‚òê
Master Roofer,250-317-8630,West Kelowna,"2155 Peters Rd, West Kelowna, BC, V4T 2C3, Canada",Yes,‚òê,‚òê,‚òê,‚òê,‚òê
Rightway Roofing & Renos,250-808-1473,West Kelowna,"3237 Corine Rd, West Kelowna, BC, V4T 1V9, Canada",Yes,‚òê,‚òê,‚òê,‚òê,‚òê
S B Espinoza Waterproofing,250-496-4192,West Kelowna,"1315 Dabeck, Naramata, BC, V0H 1N0, Canada",Yes,‚òê,‚òê,‚òê,‚òê,‚òê
Team German Master Roofer,250-863-8224,West Kelowna,"42-3291 Broadview Rd, West Kelowna, BC, V4T 3C8, Canada",Yes,‚òê,‚òê,‚òê,‚òê,‚òê
Amberwest Roofing & Renovations,778-280-3107,West Vancouver,"567 Craigmohr Dr, West Vancouver, BC, V7S 1X1, Canada",Yes,‚òê,‚òê,‚òê,‚òê,‚òê
Benson's Roofing,604-924-3341,West Vancouver,"BC, Canada",Yes,‚òê,‚òê,‚òê,‚òê,‚òê
Diamond Roofing,604-985-6015,West Vancouver,"BC, Canada",Yes,‚òê,‚òê,‚òê,‚òê,‚òê
GVRD Roofing,604-445-4873,West Vancouver,"BC, Canada",Yes,‚òê,‚òê,‚òê,‚òê,‚òê
MJ Roofing,236-646-5764,West Vancouver,"BC, Canada",Yes,‚òê,‚òê,‚òê,‚òê,‚òê
Norton Roofing Systems,604-281-4759,West Vancouver,"West Vancouver, BC, V7V 3N2, Canada",Yes,‚òê,‚òê,‚òê,‚òê,‚òê
Perma-Roofing & Contracting (Vancouver) Ltd,604-570-3008,West Vancouver,"BC, Canada",Yes,‚òê,‚òê,‚òê,‚òê,‚òê
Pro Star Roofing and Cleaning,604-229-4266,West Vancouver,"BC, Canada",Yes,‚òê,‚òê,‚òê,‚òê,‚òê
Redrooffs Marketing Inc,604-343-1853,West Vancouver,"BC, Canada",Yes,‚òê,‚òê,‚òê,‚òê,‚òê
Terry's Roofing,604-988-1609,West Vancouver,"BC, Canada",Yes,‚òê,‚òê,‚òê,‚òê,‚òê
99 North Pitched & Flat Roofing Inc,604-898-4433,Whistler,"21 Midnight Way, Brackendale, BC, V0N 1H0, Canada",Yes,‚òê,‚òê,‚òê,‚òê,‚òê
Aspen Sloped Roofing,604-967-1803,Whistler,"BC, Canada",Yes,‚òê,‚òê,‚òê,‚òê,‚òê
Extra Mile Metal Roofing Ltd.,604-698-5886,Whistler,"Garibaldi Highlands, BC, Canada",Yes,‚òê,‚òê,‚òê,‚òê,‚òê
Life?s a pitch roofing,778-970-3766,Whistler,"BC, Canada",Yes,‚òê,‚òê,‚òê,‚òê,‚òê
Lindsay Roofing Ltd,604-376-1965,Whistler,"102-4369 Main St, Whistler, BC, V0N 1B4, Canada",Yes,‚òê,‚òê,‚òê,‚òê,‚òê
Max Roofing Solutions,604-902-3779,Whistler,"BC, Canada",Yes,‚òê,‚òê,‚òê,‚òê,‚òê
Peak To Valley Roofing,604-902-0526,Whistler,"12 Black Bear Rd, Mount Currie, BC, V0N 2K0, Canada",Yes,‚òê,‚òê,‚òê,‚òê,‚òê
Squamish Roof Services,778-266-7663,Whistler,"BC, Canada",Yes,‚òê,‚òê,‚òê,‚òê,‚òê
The Whistler Waterproofing Co,604-698-1000,Whistler,"Whistler, BC, V0N 1B0, Canada",Yes,‚òê,‚òê,‚òê,‚òê,‚òê
Total Roofing,604-698-7779,Whistler,"BC, Canada",Yes,‚òê,‚òê,‚òê,‚òê,‚òê
Whistler Roofing,604-906-0039,Whistler,"9607 Emerald Dr RR 9, Whistler, BC, V0N 1B9, Canada",Yes,‚òê,‚òê,‚òê,‚òê,‚òê
Langley Roofer,604-746-9259,White Rock,"11155 Victoria Ave, White Rock, BC, V4B 1G5, Canada",Yes,‚òê,‚òê,‚òê,‚òê,‚òê
Raven Roofing,604-531-9620,White Rock,"White Rock, BC, V4B 0A1, Canada",Yes,‚òê,‚òê,‚òê,‚òê,‚òê
